"","Profession","AfC band","Min","qtr1","Mean","Median","qtr3","Max","IQR"
"1","Dietetics","Band 5",0,0.5,0.65876531113104,0.666666666666667,0.833333333333333,1,0.333333333333333
"2","Dietetics","Band 6",0,0.666666666666667,0.778522926859837,0.8,0.896428571428571,1,0.229761904761905
"3","Dietetics","Band 7",0,0.819805194805195,0.86199577760548,0.888888888888889,0.956132075471698,1,0.136326880666503
"4","Dietetics","Band 8a",0,1,0.916618034280254,1,1,1,0
"5","Dietetics","Band 8b",0,1,0.914545454545455,1,1,1,0
"6","Dietetics","Band 8c",0,1,0.833333333333333,1,1,1,0
"7","Dietetics","Band 8d",0,0.5,0.666666666666667,1,1,1,0.5
"8","Occupational Therapy","Band 5",0,0.642857142857143,0.712291191461088,0.736842105263158,0.818014705882353,1,0.17515756302521
"9","Occupational Therapy","Band 6",0,0.758787878787879,0.800028379142479,0.828571428571429,0.882352941176471,1,0.123565062388592
"10","Occupational Therapy","Band 7",0,0.80625,0.854036377971103,0.880952380952381,0.929802955665025,1,0.123552955665025
"11","Occupational Therapy","Band 8a",0,0.833333333333333,0.883517212415392,1,1,1,0.166666666666667
"12","Occupational Therapy","Band 8b",0,1,0.866666666666667,1,1,1,0
"13","Occupational Therapy","Band 8c",0,1,0.92,1,1,1,0
"14","Occupational Therapy","Band 8d",0,1,0.888888888888889,1,1,1,0
"15","Occupational Therapy","Band 9",1,1,1,1,1,1,0
"16","Operating Department Practitioners","Band 5",0,0.846024904214559,0.86196031538936,0.9,0.93969696969697,1,0.0936720654824104
"17","Operating Department Practitioners","Band 6",0,0.9,0.925695703248472,0.938271604938272,1,1,0.1
"18","Operating Department Practitioners","Band 7",0,0.9,0.921391051468649,1,1,1,0.1
"19","Operating Department Practitioners","Band 8a",0,1,0.966183574879227,1,1,1,0
"20","Operating Department Practitioners","Band 8b",0,1,0.875,1,1,1,0
"21","Operating Department Practitioners","Band 8c",1,1,1,1,1,1,0
"22","Operating Department Practitioners","Band 8d",0,0.25,0.5,0.5,0.75,1,0.5
"23","Physiotherapy","Band 5",0,0.698214285714286,0.751831228818939,0.765957446808511,0.833333333333333,1,0.135119047619048
"24","Physiotherapy","Band 6",0,0.755826558265583,0.80211575822296,0.827586206896552,0.871381306865178,1,0.115554748599595
"25","Physiotherapy","Band 7",0,0.842676767676768,0.872511555631149,0.895833333333333,0.933333333333333,1,0.0906565656565657
"26","Physiotherapy","Band 8a",0,0.891812865497076,0.914931830043558,0.947368421052632,1,1,0.108187134502924
"27","Physiotherapy","Band 8b",0,0.977272727272727,0.891147524350649,1,1,1,0.0227272727272727
"28","Physiotherapy","Band 8c",0,1,0.89774011299435,1,1,1,0
"29","Physiotherapy","Band 8d",1,1,1,1,1,1,0
"30","Physiotherapy","Band 9",0,1,0.818181818181818,1,1,1,0
"31","Radiography (diagnostic)","Band 5",0,0.857142857142857,0.876859523376767,0.888888888888889,0.92,1,0.0628571428571428
"32","Radiography (diagnostic)","Band 6",0,0.864076246334311,0.886283461023549,0.895833333333333,0.930429522081065,1,0.066353275746754
"33","Radiography (diagnostic)","Band 7",0,0.870680044593088,0.891597159608466,0.909090909090909,0.936835106382979,1,0.0661550617898907
"34","Radiography (diagnostic)","Band 8a",0,0.833333333333333,0.900194893058428,0.933333333333333,1,1,0.166666666666667
"35","Radiography (diagnostic)","Band 8b",0,0.857142857142857,0.86687675070028,1,1,1,0.142857142857143
"36","Radiography (diagnostic)","Band 8c",0,1,0.931592039800995,1,1,1,0
"37","Radiography (diagnostic)","Band 8d",0,1,0.882352941176471,1,1,1,0
"38","Radiography (diagnostic)","Band 9",1,1,1,1,1,1,0
"39","Speech & Language Therapy","Band 5",0,0.666666666666667,0.754623770474909,0.764705882352941,1,1,0.333333333333333
"40","Speech & Language Therapy","Band 6",0,0.75,0.806575629473457,0.842105263157895,0.928571428571429,1,0.178571428571429
"41","Speech & Language Therapy","Band 7",0,0.777777777777778,0.83947321257125,0.857142857142857,0.95697463768116,1,0.179196859903382
"42","Speech & Language Therapy","Band 8a",0,0.8,0.831857114282857,1,1,1,0.2
"43","Speech & Language Therapy","Band 8b",0,1,0.923456790123457,1,1,1,0
"44","Speech & Language Therapy","Band 8c",1,1,1,1,1,1,0
"45","Speech & Language Therapy","Band 8d",1,1,1,1,1,1,0
"46","Speech & Language Therapy","Band 9",1,1,1,1,1,1,0
