"","Profession","Min","qtr1","Median","qtr3","Max","IQR"
"1","Art / Music / Dramatherapy",-0.192307692307692,0,0,0,0.241706161137441,0
"2","Chiropody / Podiatry",-1.04081632653061,0,0.0493795048101571,0.154149219642177,1,0.154149219642177
"3","Dietetics",-0.224024024024024,0,0.0478342077912656,0.104195618141415,0.235901979482258,0.104195618141415
"4","Education",Inf,NA,NA,NA,-Inf,NA
"5","Occupational Therapy",-3.92362076906956,0.0481738886859931,0.0851856637718521,0.152039251059582,0.303859869939165,0.103865362373589
"6","Operating Department Practitioners",-2.84640920329363,-0.0188835604014246,0.0136928354133327,0.114842271057086,1,0.13372583145851
"7","Orthoptics",-1.64144736842105,-0.0177923543979136,0.0234200514593382,0.117206905116741,0.423469387755102,0.134999259514655
"8","Orthoptics / Optics",Inf,NA,NA,NA,-Inf,NA
"9","Osteopathy",-2.7037037037037,-0.0100556877349057,-0.00840336134453784,0,0.00667000000000001,0.0100556877349057
"10","Patient Transport Service",Inf,NA,NA,NA,-Inf,NA
"11","Physiotherapy",-0.913689538633749,-0.0139865574323032,0.0260059742939158,0.0572196927228523,0.459947340711498,0.0712062501551555
"12","Prosthetics and Orthotics",-2,-0.00715748130776681,0,0.110373334925908,0.25750962430963,0.117530816233674
"13","Radiography (diagnostic)",-0.171983560427086,0.0340698242019972,0.0795403497551999,0.123710928856939,0.2420810565635,0.0896411046549422
"14","Radiography (therapeutic)",-0.0658482428173355,0,0.0371556390646057,0.0872168531030757,0.285714285714286,0.0872168531030757
"15","Speech & Language Therapy",-1031.53153153151,-0.0028993982673351,0.0551408577157154,0.114983732235533,0.460370994940978,0.117883130502868
