"","year_end","Care setting","Ethnic group","N"
"1",2025,"Dietetics","Any Other Ethnic Group",185
"2",2025,"Dietetics","Asian or Asian British",530
"3",2025,"Dietetics","Black or Black British",405
"4",2025,"Dietetics","Chinese",250
"5",2025,"Dietetics","Mixed",285
"6",2025,"Dietetics","Not Stated",290
"7",2025,"Dietetics","Unknown",60
"8",2025,"Dietetics","White",3775
"9",2025,"Occupational Therapy","Any Other Ethnic Group",295
"10",2025,"Occupational Therapy","Asian or Asian British",735
"11",2025,"Occupational Therapy","Black or Black British",555
"12",2025,"Occupational Therapy","Chinese",240
"13",2025,"Occupational Therapy","Mixed",435
"14",2025,"Occupational Therapy","Not Stated",420
"15",2025,"Occupational Therapy","Unknown",130
"16",2025,"Occupational Therapy","White",8030
"17",2025,"Operating Department Practitioners","Any Other Ethnic Group",430
"18",2025,"Operating Department Practitioners","Asian or Asian British",1010
"19",2025,"Operating Department Practitioners","Black or Black British",690
"20",2025,"Operating Department Practitioners","Chinese",105
"21",2025,"Operating Department Practitioners","Mixed",375
"22",2025,"Operating Department Practitioners","Not Stated",425
"23",2025,"Operating Department Practitioners","Unknown",110
"24",2025,"Operating Department Practitioners","White",6635
"25",2025,"Physiotherapy","Any Other Ethnic Group",395
"26",2025,"Physiotherapy","Asian or Asian British",1345
"27",2025,"Physiotherapy","Black or Black British",940
"28",2025,"Physiotherapy","Chinese",390
"29",2025,"Physiotherapy","Mixed",670
"30",2025,"Physiotherapy","Not Stated",530
"31",2025,"Physiotherapy","Unknown",185
"32",2025,"Physiotherapy","White",16975
"33",2025,"Radiography (diagnostic)","Any Other Ethnic Group",910
"34",2025,"Radiography (diagnostic)","Asian or Asian British",3385
"35",2025,"Radiography (diagnostic)","Black or Black British",2340
"36",2025,"Radiography (diagnostic)","Chinese",255
"37",2025,"Radiography (diagnostic)","Mixed",615
"38",2025,"Radiography (diagnostic)","Not Stated",735
"39",2025,"Radiography (diagnostic)","Unknown",240
"40",2025,"Radiography (diagnostic)","White",11910
"41",2025,"Speech & Language Therapy","Any Other Ethnic Group",100
"42",2025,"Speech & Language Therapy","Asian or Asian British",435
"43",2025,"Speech & Language Therapy","Black or Black British",175
"44",2025,"Speech & Language Therapy","Chinese",140
"45",2025,"Speech & Language Therapy","Mixed",250
"46",2025,"Speech & Language Therapy","Not Stated",205
"47",2025,"Speech & Language Therapy","Unknown",95
"48",2025,"Speech & Language Therapy","White",4090
"49",2024,"Dietetics","Any Other Ethnic Group",140
"50",2024,"Dietetics","Asian or Asian British",460
"51",2024,"Dietetics","Black or Black British",290
"52",2024,"Dietetics","Chinese",235
"53",2024,"Dietetics","Mixed",265
"54",2024,"Dietetics","Not Stated",265
"55",2024,"Dietetics","Unknown",55
"56",2024,"Dietetics","White",3645
"57",2024,"Occupational Therapy","Any Other Ethnic Group",280
"58",2024,"Occupational Therapy","Asian or Asian British",580
"59",2024,"Occupational Therapy","Black or Black British",520
"60",2024,"Occupational Therapy","Chinese",190
"61",2024,"Occupational Therapy","Mixed",425
"62",2024,"Occupational Therapy","Not Stated",410
"63",2024,"Occupational Therapy","Unknown",125
"64",2024,"Occupational Therapy","White",7795
"65",2024,"Operating Department Practitioners","Any Other Ethnic Group",465
"66",2024,"Operating Department Practitioners","Asian or Asian British",870
"67",2024,"Operating Department Practitioners","Black or Black British",725
"68",2024,"Operating Department Practitioners","Chinese",95
"69",2024,"Operating Department Practitioners","Mixed",385
"70",2024,"Operating Department Practitioners","Not Stated",475
"71",2024,"Operating Department Practitioners","Unknown",85
"72",2024,"Operating Department Practitioners","White",6635
"73",2024,"Physiotherapy","Any Other Ethnic Group",365
"74",2024,"Physiotherapy","Asian or Asian British",1155
"75",2024,"Physiotherapy","Black or Black British",780
"76",2024,"Physiotherapy","Chinese",325
"77",2024,"Physiotherapy","Mixed",600
"78",2024,"Physiotherapy","Not Stated",560
"79",2024,"Physiotherapy","Unknown",220
"80",2024,"Physiotherapy","White",16380
"81",2024,"Radiography (diagnostic)","Any Other Ethnic Group",705
"82",2024,"Radiography (diagnostic)","Asian or Asian British",2720
"83",2024,"Radiography (diagnostic)","Black or Black British",2055
"84",2024,"Radiography (diagnostic)","Chinese",235
"85",2024,"Radiography (diagnostic)","Mixed",570
"86",2024,"Radiography (diagnostic)","Not Stated",715
"87",2024,"Radiography (diagnostic)","Unknown",280
"88",2024,"Radiography (diagnostic)","White",11725
"89",2024,"Speech & Language Therapy","Any Other Ethnic Group",85
"90",2024,"Speech & Language Therapy","Asian or Asian British",395
"91",2024,"Speech & Language Therapy","Black or Black British",150
"92",2024,"Speech & Language Therapy","Chinese",125
"93",2024,"Speech & Language Therapy","Mixed",240
"94",2024,"Speech & Language Therapy","Not Stated",255
"95",2024,"Speech & Language Therapy","Unknown",105
"96",2024,"Speech & Language Therapy","White",3975
"97",2023,"Dietetics","Any Other Ethnic Group",105
"98",2023,"Dietetics","Asian or Asian British",435
"99",2023,"Dietetics","Black or Black British",255
"100",2023,"Dietetics","Chinese",220
"101",2023,"Dietetics","Mixed",250
"102",2023,"Dietetics","Not Stated",265
"103",2023,"Dietetics","Unknown",70
"104",2023,"Dietetics","White",3640
"105",2023,"Occupational Therapy","Any Other Ethnic Group",230
"106",2023,"Occupational Therapy","Asian or Asian British",565
"107",2023,"Occupational Therapy","Black or Black British",450
"108",2023,"Occupational Therapy","Chinese",170
"109",2023,"Occupational Therapy","Mixed",415
"110",2023,"Occupational Therapy","Not Stated",415
"111",2023,"Occupational Therapy","Unknown",125
"112",2023,"Occupational Therapy","White",7830
"113",2023,"Operating Department Practitioners","Any Other Ethnic Group",395
"114",2023,"Operating Department Practitioners","Asian or Asian British",860
"115",2023,"Operating Department Practitioners","Black or Black British",685
"116",2023,"Operating Department Practitioners","Chinese",80
"117",2023,"Operating Department Practitioners","Discontinued codes",5
"118",2023,"Operating Department Practitioners","Mixed",395
"119",2023,"Operating Department Practitioners","Not Stated",485
"120",2023,"Operating Department Practitioners","Unknown",115
"121",2023,"Operating Department Practitioners","White",6810
"122",2023,"Physiotherapy","Any Other Ethnic Group",315
"123",2023,"Physiotherapy","Asian or Asian British",1005
"124",2023,"Physiotherapy","Black or Black British",580
"125",2023,"Physiotherapy","Chinese",280
"126",2023,"Physiotherapy","Mixed",570
"127",2023,"Physiotherapy","Not Stated",565
"128",2023,"Physiotherapy","Unknown",220
"129",2023,"Physiotherapy","White",16220
"130",2023,"Radiography (diagnostic)","Any Other Ethnic Group",600
"131",2023,"Radiography (diagnostic)","Asian or Asian British",2275
"132",2023,"Radiography (diagnostic)","Black or Black British",1735
"133",2023,"Radiography (diagnostic)","Chinese",230
"134",2023,"Radiography (diagnostic)","Mixed",530
"135",2023,"Radiography (diagnostic)","Not Stated",675
"136",2023,"Radiography (diagnostic)","Unknown",225
"137",2023,"Radiography (diagnostic)","White",11965
"138",2023,"Speech & Language Therapy","Any Other Ethnic Group",90
"139",2023,"Speech & Language Therapy","Asian or Asian British",350
"140",2023,"Speech & Language Therapy","Black or Black British",140
"141",2023,"Speech & Language Therapy","Chinese",100
"142",2023,"Speech & Language Therapy","Mixed",215
"143",2023,"Speech & Language Therapy","Not Stated",230
"144",2023,"Speech & Language Therapy","Unknown",135
"145",2023,"Speech & Language Therapy","White",3820
