"","year_end","Care setting","Age band","N"
"1",2025,"All care settings","Under 25",5865
"2",2025,"All care settings","25 to 34",24910
"3",2025,"All care settings","35 to 44",20915
"4",2025,"All care settings","45 to 54",14700
"5",2025,"All care settings","55 to 64",8265
"6",2025,"All care settings","65 and over",865
"7",2025,"All care settings","All age bands",75485
"8",2025,"Dietetics","Under 25",440
"9",2025,"Dietetics","25 to 34",1655
"10",2025,"Dietetics","35 to 44",1395
"11",2025,"Dietetics","45 to 54",965
"12",2025,"Dietetics","55 to 64",570
"13",2025,"Dietetics","65 and over",110
"14",2025,"Dietetics","All age bands",4670
"15",2025,"Occupational Therapy","Under 25",820
"16",2025,"Occupational Therapy","25 to 34",3150
"17",2025,"Occupational Therapy","35 to 44",2715
"18",2025,"Occupational Therapy","45 to 54",2155
"19",2025,"Occupational Therapy","55 to 64",1145
"20",2025,"Occupational Therapy","65 and over",205
"21",2025,"Occupational Therapy","All age bands",9735
"22",2025,"Operating Department Practitioners","Under 25",590
"23",2025,"Operating Department Practitioners","25 to 34",2140
"24",2025,"Operating Department Practitioners","35 to 44",2450
"25",2025,"Operating Department Practitioners","45 to 54",2220
"26",2025,"Operating Department Practitioners","55 to 64",1505
"27",2025,"Operating Department Practitioners","65 and over",355
"28",2025,"Operating Department Practitioners","All age bands",8800
"29",2025,"Physiotherapy","Under 25",2160
"30",2025,"Physiotherapy","25 to 34",7505
"31",2025,"Physiotherapy","35 to 44",5835
"32",2025,"Physiotherapy","45 to 54",3455
"33",2025,"Physiotherapy","55 to 64",1485
"34",2025,"Physiotherapy","65 and over",320
"35",2025,"Physiotherapy","All age bands",20430
"36",2025,"Radiography (diagnostic)","Under 25",1615
"37",2025,"Radiography (diagnostic)","25 to 34",6550
"38",2025,"Radiography (diagnostic)","35 to 44",5255
"39",2025,"Radiography (diagnostic)","45 to 54",3435
"40",2025,"Radiography (diagnostic)","55 to 64",2340
"41",2025,"Radiography (diagnostic)","65 and over",560
"42",2025,"Radiography (diagnostic)","All age bands",19615
"43",2025,"Speech & Language Therapy","Under 25",440
"44",2025,"Speech & Language Therapy","25 to 34",1780
"45",2025,"Speech & Language Therapy","35 to 44",1400
"46",2025,"Speech & Language Therapy","45 to 54",1020
"47",2025,"Speech & Language Therapy","55 to 64",580
"48",2025,"Speech & Language Therapy","65 and over",85
"49",2025,"Speech & Language Therapy","All age bands",4735
"50",2024,"All care settings","Under 25",5310
"51",2024,"All care settings","25 to 34",23485
"52",2024,"All care settings","35 to 44",19990
"53",2024,"All care settings","45 to 54",14000
"54",2024,"All care settings","55 to 64",7860
"55",2024,"All care settings","65 and over",845
"56",2024,"All care settings","All age bands",71430
"57",2024,"Dietetics","Under 25",480
"58",2024,"Dietetics","25 to 34",1590
"59",2024,"Dietetics","35 to 44",1400
"60",2024,"Dietetics","45 to 54",930
"61",2024,"Dietetics","55 to 64",560
"62",2024,"Dietetics","65 and over",100
"63",2024,"Dietetics","All age bands",4375
"64",2024,"Occupational Therapy","Under 25",700
"65",2024,"Occupational Therapy","25 to 34",2975
"66",2024,"Occupational Therapy","35 to 44",2620
"67",2024,"Occupational Therapy","45 to 54",2055
"68",2024,"Occupational Therapy","55 to 64",1060
"69",2024,"Occupational Therapy","65 and over",155
"70",2024,"Occupational Therapy","All age bands",9185
"71",2024,"Operating Department Practitioners","Under 25",505
"72",2024,"Operating Department Practitioners","25 to 34",2160
"73",2024,"Operating Department Practitioners","35 to 44",2360
"74",2024,"Operating Department Practitioners","45 to 54",2300
"75",2024,"Operating Department Practitioners","55 to 64",1485
"76",2024,"Operating Department Practitioners","65 and over",360
"77",2024,"Operating Department Practitioners","All age bands",8705
"78",2024,"Physiotherapy","Under 25",1995
"79",2024,"Physiotherapy","25 to 34",7055
"80",2024,"Physiotherapy","35 to 44",5600
"81",2024,"Physiotherapy","45 to 54",3195
"82",2024,"Physiotherapy","55 to 64",1380
"83",2024,"Physiotherapy","65 and over",310
"84",2024,"Physiotherapy","All age bands",19230
"85",2024,"Radiography (diagnostic)","Under 25",1530
"86",2024,"Radiography (diagnostic)","25 to 34",6005
"87",2024,"Radiography (diagnostic)","35 to 44",4850
"88",2024,"Radiography (diagnostic)","45 to 54",3185
"89",2024,"Radiography (diagnostic)","55 to 64",2350
"90",2024,"Radiography (diagnostic)","65 and over",540
"91",2024,"Radiography (diagnostic)","All age bands",18245
"92",2024,"Speech & Language Therapy","Under 25",420
"93",2024,"Speech & Language Therapy","25 to 34",1735
"94",2024,"Speech & Language Therapy","35 to 44",1380
"95",2024,"Speech & Language Therapy","45 to 54",985
"96",2024,"Speech & Language Therapy","55 to 64",595
"97",2024,"Speech & Language Therapy","65 and over",80
"98",2024,"Speech & Language Therapy","All age bands",4520
"99",2023,"All care settings","Under 25",5080
"100",2023,"All care settings","25 to 34",22665
"101",2023,"All care settings","35 to 44",19310
"102",2023,"All care settings","45 to 54",13930
"103",2023,"All care settings","55 to 64",7720
"104",2023,"All care settings","65 and over",815
"105",2023,"All care settings","All age bands",69295
"106",2023,"Dietetics","Under 25",495
"107",2023,"Dietetics","25 to 34",1560
"108",2023,"Dietetics","35 to 44",1350
"109",2023,"Dietetics","45 to 54",920
"110",2023,"Dietetics","55 to 64",555
"111",2023,"Dietetics","65 and over",80
"112",2023,"Dietetics","All age bands",4255
"113",2023,"Occupational Therapy","Under 25",710
"114",2023,"Occupational Therapy","25 to 34",2925
"115",2023,"Occupational Therapy","35 to 44",2565
"116",2023,"Occupational Therapy","45 to 54",2050
"117",2023,"Occupational Therapy","55 to 64",980
"118",2023,"Occupational Therapy","65 and over",185
"119",2023,"Occupational Therapy","All age bands",9040
"120",2023,"Operating Department Practitioners","Under 25",495
"121",2023,"Operating Department Practitioners","25 to 34",2185
"122",2023,"Operating Department Practitioners","35 to 44",2335
"123",2023,"Operating Department Practitioners","45 to 54",2395
"124",2023,"Operating Department Practitioners","55 to 64",1460
"125",2023,"Operating Department Practitioners","65 and over",335
"126",2023,"Operating Department Practitioners","All age bands",8735
"127",2023,"Physiotherapy","Under 25",1830
"128",2023,"Physiotherapy","25 to 34",6875
"129",2023,"Physiotherapy","35 to 44",5455
"130",2023,"Physiotherapy","45 to 54",3120
"131",2023,"Physiotherapy","55 to 64",1335
"132",2023,"Physiotherapy","65 and over",305
"133",2023,"Physiotherapy","All age bands",18545
"134",2023,"Radiography (diagnostic)","Under 25",1465
"135",2023,"Radiography (diagnostic)","25 to 34",5520
"136",2023,"Radiography (diagnostic)","35 to 44",4600
"137",2023,"Radiography (diagnostic)","45 to 54",3180
"138",2023,"Radiography (diagnostic)","55 to 64",2365
"139",2023,"Radiography (diagnostic)","65 and over",520
"140",2023,"Radiography (diagnostic)","All age bands",17320
"141",2023,"Speech & Language Therapy","Under 25",395
"142",2023,"Speech & Language Therapy","25 to 34",1635
"143",2023,"Speech & Language Therapy","35 to 44",1365
"144",2023,"Speech & Language Therapy","45 to 54",940
"145",2023,"Speech & Language Therapy","55 to 64",580
"146",2023,"Speech & Language Therapy","65 and over",95
"147",2023,"Speech & Language Therapy","All age bands",4395
