"","year_end","Care setting","RUC21 settlement class","Min","qtr1","Median","qtr3","Max","IQR"
"1",2025,"Dietetics","Urban",0,0.714285714285714,1,1,1,0.285714285714286
"2",2025,"Dietetics","Intermediate urban",0,0.708881578947368,0.909722222222222,1,1,0.291118421052632
"3",2025,"Dietetics","Intermediate rural",0,0.416666666666667,0.625,0.831845238095238,1,0.415178571428571
"4",2025,"Dietetics","Rural",0,0.938467492260062,1,1,1,0.0615325077399381
"5",2025,"Occupational Therapy","Urban",0,0.666666666666667,0.857142857142857,1,1,0.333333333333333
"6",2025,"Occupational Therapy","Intermediate urban",0,0.808203991130821,1,1,1,0.191796008869179
"7",2025,"Occupational Therapy","Intermediate rural",0,0.785714285714286,0.877272727272727,1,1,0.214285714285714
"8",2025,"Occupational Therapy","Rural",0,0.856818181818182,1,1,1,0.143181818181818
"9",2025,"Operating Department Practitioners","Urban",0,0.885331978319783,1,1,1,0.114668021680217
"10",2025,"Operating Department Practitioners","Intermediate urban",0,0.896761133603239,1,1,1,0.103238866396761
"11",2025,"Operating Department Practitioners","Intermediate rural",0,0.788095238095238,0.881818181818182,1,1,0.211904761904762
"12",2025,"Operating Department Practitioners","Rural",0,0.846153846153846,0.953125,1,1,0.153846153846154
"13",2025,"Physiotherapy","Urban",0,0.733333333333333,0.870967741935484,1,1,0.266666666666667
"14",2025,"Physiotherapy","Intermediate urban",0.5,0.833333333333333,1,1,1,0.166666666666667
"15",2025,"Physiotherapy","Intermediate rural",0,0.825,0.9375,1,1,0.175
"16",2025,"Physiotherapy","Rural",0.666666666666667,0.807983193277311,1,1,1,0.192016806722689
"17",2025,"Radiography (diagnostic)","Urban",0,0.85,0.922227822580645,1,1,0.15
"18",2025,"Radiography (diagnostic)","Intermediate urban",0,0.818181818181818,0.909090909090909,1,1,0.181818181818182
"19",2025,"Radiography (diagnostic)","Intermediate rural",0.333333333333333,0.803125,0.907389760027722,1,1,0.196875
"20",2025,"Radiography (diagnostic)","Rural",0.666666666666667,0.915966386554622,1,1,1,0.0840336134453781
"21",2025,"Speech & Language Therapy","Urban",0,0.717607973421927,0.9,1,1,0.282392026578073
"22",2025,"Speech & Language Therapy","Intermediate urban",0,0.816326530612245,1,1,1,0.183673469387755
"23",2025,"Speech & Language Therapy","Intermediate rural",0.5,0.686274509803922,0.875,1,1,0.313725490196078
"24",2025,"Speech & Language Therapy","Rural",0,0.85,0.9,1,1,0.15
"25",2024,"Dietetics","Urban",0,0.714285714285714,0.903225806451613,1,1,0.285714285714286
"26",2024,"Dietetics","Intermediate urban",0,0.69047619047619,0.888888888888889,1,1,0.30952380952381
"27",2024,"Dietetics","Intermediate rural",0,0.525,0.75,0.881578947368421,1,0.356578947368421
"28",2024,"Dietetics","Rural",0,0.375,0.828571428571429,1,1,0.625
"29",2024,"Occupational Therapy","Urban",0,0.666666666666667,0.871847507331378,1,1,0.333333333333333
"30",2024,"Occupational Therapy","Intermediate urban",0,0.698,1,1,1,0.302
"31",2024,"Occupational Therapy","Intermediate rural",0,0.764705882352941,0.88,1,1,0.235294117647059
"32",2024,"Occupational Therapy","Rural",0,0.5,0.938798701298701,1,1,0.5
"33",2024,"Operating Department Practitioners","Urban",0,0.850713012477718,1,1,1,0.149286987522282
"34",2024,"Operating Department Practitioners","Intermediate urban",0,0.770833333333333,0.972953216374269,1,1,0.229166666666667
"35",2024,"Operating Department Practitioners","Intermediate rural",0.428571428571429,0.5,0.916666666666667,1,1,0.5
"36",2024,"Operating Department Practitioners","Rural",0,0.804545454545455,0.942213114754098,1,1,0.195454545454545
"37",2024,"Physiotherapy","Urban",0,0.722727272727273,0.874175425878942,1,1,0.277272727272727
"38",2024,"Physiotherapy","Intermediate urban",0,0.666666666666667,0.833333333333333,1,1,0.333333333333333
"39",2024,"Physiotherapy","Intermediate rural",0.666666666666667,0.876655540002154,1,1,1,0.123344459997846
"40",2024,"Physiotherapy","Rural",0,0.625,0.880896226415094,1,1,0.375
"41",2024,"Radiography (diagnostic)","Urban",0,0.809729064039409,0.909090909090909,1,1,0.190270935960591
"42",2024,"Radiography (diagnostic)","Intermediate urban",0,0.830882352941176,0.9,1,1,0.169117647058824
"43",2024,"Radiography (diagnostic)","Intermediate rural",0,0.67948717948718,0.9125,1,1,0.32051282051282
"44",2024,"Radiography (diagnostic)","Rural",0,0.75,0.964878671775224,1,1,0.25
"45",2024,"Speech & Language Therapy","Urban",0,0.666666666666667,0.875,1,1,0.333333333333333
"46",2024,"Speech & Language Therapy","Intermediate urban",0,0.763636363636364,1,1,1,0.236363636363636
"47",2024,"Speech & Language Therapy","Intermediate rural",0,0.852272727272727,1,1,1,0.147727272727273
"48",2024,"Speech & Language Therapy","Rural",0,0.706521739130435,0.8,1,1,0.293478260869565
"49",2023,"Dietetics","Urban",0,0.692307692307692,0.912404092071611,1,1,0.307692307692308
"50",2023,"Dietetics","Intermediate urban",0,0.777472527472527,0.958333333333333,1,1,0.222527472527473
"51",2023,"Dietetics","Intermediate rural",0,0.754385964912281,0.888888888888889,1,1,0.245614035087719
"52",2023,"Dietetics","Rural",0,0.740425531914894,0.961538461538462,1,1,0.259574468085106
"53",2023,"Occupational Therapy","Urban",0,0.666666666666667,0.849056603773585,1,1,0.333333333333333
"54",2023,"Occupational Therapy","Intermediate urban",0,0.8,1,1,1,0.2
"55",2023,"Occupational Therapy","Intermediate rural",0,0.678571428571429,0.85843685300207,1,1,0.321428571428571
"56",2023,"Occupational Therapy","Rural",0,0.5,0.818181818181818,1,1,0.5
"57",2023,"Operating Department Practitioners","Urban",0,0.8,0.943396226415094,1,1,0.2
"58",2023,"Operating Department Practitioners","Intermediate urban",0.2,0.825607902735562,1,1,1,0.174392097264438
"59",2023,"Operating Department Practitioners","Intermediate rural",0.333333333333333,0.868686868686869,0.972972972972973,1,1,0.131313131313131
"60",2023,"Operating Department Practitioners","Rural",0,0.786111111111111,0.913793103448276,1,1,0.213888888888889
"61",2023,"Physiotherapy","Urban",0,0.666666666666667,0.832179602674126,1,1,0.333333333333333
"62",2023,"Physiotherapy","Intermediate urban",0,0.684210526315789,0.841346153846154,1,1,0.315789473684211
"63",2023,"Physiotherapy","Intermediate rural",0,0.807692307692308,0.875,1,1,0.192307692307692
"64",2023,"Physiotherapy","Rural",0,0.780434782608696,0.930769230769231,1,1,0.219565217391304
"65",2023,"Radiography (diagnostic)","Urban",0,0.769230769230769,0.883225108225108,1,1,0.230769230769231
"66",2023,"Radiography (diagnostic)","Intermediate urban",0,0.777777777777778,0.88135593220339,1,1,0.222222222222222
"67",2023,"Radiography (diagnostic)","Intermediate rural",0.333333333333333,0.76061320754717,0.887826555346081,1,1,0.23938679245283
"68",2023,"Radiography (diagnostic)","Rural",0,0.5,0.875,1,1,0.5
"69",2023,"Speech & Language Therapy","Urban",0,0.684210526315789,0.864864864864865,1,1,0.315789473684211
"70",2023,"Speech & Language Therapy","Intermediate urban",0,0.833333333333333,1,1,1,0.166666666666667
"71",2023,"Speech & Language Therapy","Intermediate rural",0,0.82089552238806,0.941176470588235,1,1,0.17910447761194
"72",2023,"Speech & Language Therapy","Rural",0,0.782608695652174,0.96,1,1,0.217391304347826
