"","High or low","orgcode","Trust size 2023 03","Profession","vacancy_rate","vacancy_count"
"1","Lowest","REF",7044,"Speech & Language Therapy",-2063.06306306303,-13.74
"2","Lowest","REF",7044,"Occupational Therapy",-3.73119170953274,-49.6
"3","Lowest","RYR",16513,"Operating Department Practitioners",-2.83251581741942,-41.7946792931758
"4","Lowest","RTG",14052,"Osteopathy",-2.7037037037037,-1.46
"5","Lowest","RRK",22707,"Prosthetics and Orthotics",-2,-2
"6","Highest","RNZ",4066,"Chiropody / Podiatry",1,0.92
"7","Highest","RWG",5436,"Operating Department Practitioners",1,13.2
"8","Highest","RMC",6701,"Operating Department Practitioners",1,3.434
"9","Highest","RNZ",4066,"Operating Department Practitioners",0.486944571690334,21.26
"10","Highest","RBL",6772,"Chiropody / Podiatry",0.481927710843373,0.4
