"","year_end","Care setting","Sex","N"
"1",2025,"Dietetics","Female",3590
"2",2025,"Dietetics","Male",465
"3",2025,"Occupational Therapy","Female",7390
"4",2025,"Occupational Therapy","Male",780
"5",2025,"Operating Department Practitioners","Female",4825
"6",2025,"Operating Department Practitioners","Male",2150
"7",2025,"Physiotherapy","Female",12580
"8",2025,"Physiotherapy","Male",4590
"9",2025,"Radiography (diagnostic)","Female",11350
"10",2025,"Radiography (diagnostic)","Male",4900
"11",2025,"Speech & Language Therapy","Female",3805
"12",2025,"Speech & Language Therapy","Male",300
"13",2024,"Dietetics","Female",3540
"14",2024,"Dietetics","Male",465
"15",2024,"Occupational Therapy","Female",7125
"16",2024,"Occupational Therapy","Male",710
"17",2024,"Operating Department Practitioners","Female",4775
"18",2024,"Operating Department Practitioners","Male",2075
"19",2024,"Physiotherapy","Female",12175
"20",2024,"Physiotherapy","Male",4250
"21",2024,"Radiography (diagnostic)","Female",11110
"22",2024,"Radiography (diagnostic)","Male",4490
"23",2024,"Speech & Language Therapy","Female",3725
"24",2024,"Speech & Language Therapy","Male",285
"25",2023,"Dietetics","Female",3300
"26",2023,"Dietetics","Male",440
"27",2023,"Occupational Therapy","Female",6765
"28",2023,"Occupational Therapy","Male",640
"29",2023,"Operating Department Practitioners","Female",4405
"30",2023,"Operating Department Practitioners","Male",1980
"31",2023,"Physiotherapy","Female",11480
"32",2023,"Physiotherapy","Male",3710
"33",2023,"Radiography (diagnostic)","Female",10455
"34",2023,"Radiography (diagnostic)","Male",4070
"35",2023,"Speech & Language Therapy","Female",3445
"36",2023,"Speech & Language Therapy","Male",255
