"","Profession","SI_median","SI_qtr1","SI_qtr3","vacancy_median","vacancy_qtr1","vacancy_qtr3"
"1","Dietetics",0.833333333333333,0.770879120879121,0.876673713883016,0.0411483033636477,-0.000855871276959945,0.100392340156936
"2","Occupational Therapy",0.834710743801653,0.776860553721107,0.867006802721088,0.0918794211053686,0.0468914873313177,0.14942726492299
"3","Operating Department Practitioners",0.914285714285714,0.872678149273894,0.943472306755934,0.0183271163200745,-0.00980917799993909,0.11138848624067
"4","Orthoptics",0.861003861003861,0.785714285714286,0.929479418886199,0.0214342361909933,-0.0189829157175399,0.117370892018779
"5","Physiotherapy",0.847826086956522,0.821725636250776,0.878310393925012,0.0247986436462047,-0.0117731056706345,0.0613360105245882
"6","Radiography (diagnostic)",0.898550724637681,0.878620458730956,0.918107302533532,0.0804364170526919,0.0317233660719412,0.122084862270439
"7","Radiography (therapeutic)",0.883349826818407,0.849553571428571,0.936170212765957,0.0403850127437363,0,0.0899192610356166
"8","Speech & Language Therapy",0.84,0.777777777777778,0.893939393939394,0.0514769126748843,-0.000202166784003433,0.118149314613252
"9","Art / Music / Dramatherapy",1,0.725,1,0,0,0
"10","Chiropody / Podiatry",0.906468531468531,0.805882352941176,1,0.0653117382912633,0,0.158708406537357
"11","Osteopathy",0.5,0,0.7,0,-0.103444708803145,0.30667
"12","Prosthetics and Orthotics",1,0.8,1,0,-0.00713068840984104,0.121907957813998
