"","year_end","Care setting","RUC21 settlement class","N"
"1",2025,"Dietetics","Urban",8980
"2",2025,"Dietetics","Intermediate urban",525
"3",2025,"Dietetics","Intermediate rural",240
"4",2025,"Dietetics","Rural",365
"5",2025,"Occupational Therapy","Urban",16965
"6",2025,"Occupational Therapy","Intermediate urban",1520
"7",2025,"Occupational Therapy","Intermediate rural",860
"8",2025,"Occupational Therapy","Rural",835
"9",2025,"Operating Department Practitioners","Urban",15570
"10",2025,"Operating Department Practitioners","Intermediate urban",1145
"11",2025,"Operating Department Practitioners","Intermediate rural",445
"12",2025,"Operating Department Practitioners","Rural",895
"13",2025,"Physiotherapy","Urban",36420
"14",2025,"Physiotherapy","Intermediate urban",2815
"15",2025,"Physiotherapy","Intermediate rural",1270
"16",2025,"Physiotherapy","Rural",1430
"17",2025,"Radiography (diagnostic)","Urban",34655
"18",2025,"Radiography (diagnostic)","Intermediate urban",2790
"19",2025,"Radiography (diagnostic)","Intermediate rural",845
"20",2025,"Radiography (diagnostic)","Rural",1635
"21",2025,"Speech & Language Therapy","Urban",8920
"22",2025,"Speech & Language Therapy","Intermediate urban",650
"23",2025,"Speech & Language Therapy","Intermediate rural",450
"24",2025,"Speech & Language Therapy","Rural",260
"25",2024,"Dietetics","Urban",8435
"26",2024,"Dietetics","Intermediate urban",505
"27",2024,"Dietetics","Intermediate rural",225
"28",2024,"Dietetics","Rural",395
"29",2024,"Occupational Therapy","Urban",16010
"30",2024,"Occupational Therapy","Intermediate urban",1410
"31",2024,"Occupational Therapy","Intermediate rural",805
"32",2024,"Occupational Therapy","Rural",830
"33",2024,"Operating Department Practitioners","Urban",15365
"34",2024,"Operating Department Practitioners","Intermediate urban",1180
"35",2024,"Operating Department Practitioners","Intermediate rural",415
"36",2024,"Operating Department Practitioners","Rural",935
"37",2024,"Physiotherapy","Urban",34320
"38",2024,"Physiotherapy","Intermediate urban",2605
"39",2024,"Physiotherapy","Intermediate rural",1085
"40",2024,"Physiotherapy","Rural",1525
"41",2024,"Radiography (diagnostic)","Urban",32250
"42",2024,"Radiography (diagnostic)","Intermediate urban",2655
"43",2024,"Radiography (diagnostic)","Intermediate rural",710
"44",2024,"Radiography (diagnostic)","Rural",1595
"45",2024,"Speech & Language Therapy","Urban",8515
"46",2024,"Speech & Language Therapy","Intermediate urban",615
"47",2024,"Speech & Language Therapy","Intermediate rural",435
"48",2024,"Speech & Language Therapy","Rural",300
"49",2023,"Dietetics","Urban",8225
"50",2023,"Dietetics","Intermediate urban",485
"51",2023,"Dietetics","Intermediate rural",225
"52",2023,"Dietetics","Rural",435
"53",2023,"Occupational Therapy","Urban",15700
"54",2023,"Occupational Therapy","Intermediate urban",1420
"55",2023,"Occupational Therapy","Intermediate rural",755
"56",2023,"Occupational Therapy","Rural",960
"57",2023,"Operating Department Practitioners","Urban",15260
"58",2023,"Operating Department Practitioners","Intermediate urban",1210
"59",2023,"Operating Department Practitioners","Intermediate rural",450
"60",2023,"Operating Department Practitioners","Rural",1045
"61",2023,"Physiotherapy","Urban",32825
"62",2023,"Physiotherapy","Intermediate urban",2590
"63",2023,"Physiotherapy","Intermediate rural",1065
"64",2023,"Physiotherapy","Rural",1695
"65",2023,"Radiography (diagnostic)","Urban",30580
"66",2023,"Radiography (diagnostic)","Intermediate urban",2500
"67",2023,"Radiography (diagnostic)","Intermediate rural",705
"68",2023,"Radiography (diagnostic)","Rural",1685
"69",2023,"Speech & Language Therapy","Urban",8265
"70",2023,"Speech & Language Therapy","Intermediate urban",625
"71",2023,"Speech & Language Therapy","Intermediate rural",415
"72",2023,"Speech & Language Therapy","Rural",340
