"","Care setting","year","min","median","mean","max"
"1","All care settings","March '22 to March '23",0.662251655629139,0.836779421928106,0.832127025416526,1
"2","All care settings","March '23 to March '24",0.387700534759358,0.859042109129767,0.850553043180827,0.93230944254835
"3","All care settings","March '24 to March '25",0.507552870090634,0.868438305870012,0.861024713442952,0.941176470588235
"4","Art / Music / Dramatherapy","March '22 to March '23",0.5,1,0.898343180984237,1
"5","Art / Music / Dramatherapy","March '23 to March '24",0.5,0.91025641025641,0.87550123064001,1
"6","Art / Music / Dramatherapy","March '24 to March '25",0.5,0.909090909090909,0.879309481282752,1
"7","Chiropody / Podiatry","March '22 to March '23",0.555555555555556,0.863466915191053,0.867344653159765,1
"8","Chiropody / Podiatry","March '23 to March '24",0.692307692307692,0.913664596273292,0.896534082519333,1
"9","Chiropody / Podiatry","March '24 to March '25",0.5,0.896551724137931,0.886256580073596,1
"10","Dietetics","March '22 to March '23",0.333333333333333,0.821428571428571,0.806804678486022,1
"11","Dietetics","March '23 to March '24",0.105263157894737,0.818181818181818,0.805733141338593,1
"12","Dietetics","March '24 to March '25",0.1,0.835294117647059,0.823947602949893,1
"13","Education","March '22 to March '23",0.5,1,0.95764652014652,1
"14","Education","March '23 to March '24",0.5,1,0.976691473335418,1
"15","Education","March '24 to March '25",0.5,1,0.943573558141903,1
"16","Hazardous Area Response Team","March '22 to March '23",0.818181818181818,0.959183673469388,0.938121838519578,0.975308641975309
"17","Hazardous Area Response Team","March '23 to March '24",0.9,0.931034482758621,0.934907662388991,0.980769230769231
"18","Hazardous Area Response Team","March '24 to March '25",0.91566265060241,0.960780598711633,0.964944280523232,1
"19","Occupational Therapy","March '22 to March '23",0.25,0.812785388127854,0.799161816867017,1
"20","Occupational Therapy","March '23 to March '24",0.428571428571429,0.843223314606742,0.821389189442014,1
"21","Occupational Therapy","March '24 to March '25",0.612903225806452,0.849462365591398,0.83630018084774,1
"22","Operating Theatres","March '22 to March '23",0.571428571428571,0.881770529994176,0.877337941375864,1
"23","Operating Theatres","March '23 to March '24",0.333333333333333,0.901515151515151,0.897517038350724,1
"24","Operating Theatres","March '24 to March '25",0.5,0.92156862745098,0.908033969855013,1
"25","Orthoptics","March '24 to March '25",Inf,NA,NA,-Inf
"26","Orthoptics / Optics","March '22 to March '23",0.5,0.844444444444444,0.844032128355815,1
"27","Orthoptics / Optics","March '23 to March '24",0.333333333333333,0.84860883797054,0.838126412468086,1
"28","Orthoptics / Optics","March '24 to March '25",0.2,0.864864864864865,0.843691220000984,1
"29","Osteopathy","March '22 to March '23",1,1,1,1
"30","Osteopathy","March '23 to March '24",0.5,1,0.913492063492063,1
"31","Osteopathy","March '24 to March '25",0.5,0.909090909090909,0.827272727272727,1
"32","Patient Transport Service","March '22 to March '23",0.8,1,0.933333333333333,1
"33","Patient Transport Service","March '23 to March '24",0.333333333333333,0.833333333333333,0.722222222222222,1
"34","Patient Transport Service","March '24 to March '25",0.5,0.925,0.8375,1
"35","Physiotherapy","March '22 to March '23",0.571428571428571,0.812789115646259,0.808314475290665,1
"36","Physiotherapy","March '23 to March '24",0.021505376344086,0.84879924162629,0.834622684061981,1
"37","Physiotherapy","March '24 to March '25",0.0909090909090909,0.855719666931007,0.844200978087552,1
"38","Prosthetics and Orthotics","March '22 to March '23",0.333333333333333,1,0.865812807881773,1
"39","Prosthetics and Orthotics","March '23 to March '24",0.333333333333333,1,0.892412217412217,1
"40","Prosthetics and Orthotics","March '24 to March '25",0.5,1,0.918037898920252,1
"41","Radiography (diagnostic)","March '22 to March '23",0.666666666666667,0.862068965517241,0.859538091531621,1
"42","Radiography (diagnostic)","March '23 to March '24",0.5,0.886554621848739,0.878774737983028,1
"43","Radiography (diagnostic)","March '24 to March '25",0.642857142857143,0.896729470316388,0.887553692001586,1
"44","Radiography (therapeutic)","March '22 to March '23",0.68,0.869047619047619,0.874903002210321,1
"45","Radiography (therapeutic)","March '23 to March '24",0.75,0.884615384615385,0.89887661000869,1
"46","Radiography (therapeutic)","March '24 to March '25",0.759398496240602,0.886304909560723,0.895076363425943,1
"47","Speech & Language Therapy","March '22 to March '23",0.142857142857143,0.818181818181818,0.799953565299204,1
"48","Speech & Language Therapy","March '23 to March '24",0.152777777777778,0.82051282051282,0.80213803301735,1
"49","Speech & Language Therapy","March '24 to March '25",0.333333333333333,0.842105263157895,0.834197807522282,1
