"","orgname","Dietetics","Occupational Therapy","Operating Department Practitioners","Orthoptics","Orthoptics / Optics","Physiotherapy","Radiography (diagnostic)","Radiography (therapeutic)","Speech & Language Therapy","Art / Music / Dramatherapy","Chiropody / Podiatry","Education","Osteopathy","Prosthetics and Orthotics","Patient Transport Service"
"1","Barking, Havering And Redbridge University Hospitals NHS Trust",0.76,0.810126582278481,0.785714285714286,NA,1,0.809210526315789,0.94949494949495,0.785714285714286,0.904761904761905,NA,NA,NA,NA,NA,NA
"2","Barts Health NHS Trust",0.792079207920792,0.693069306930693,0.897637795275591,NA,0.823529411764706,0.729824561403509,0.867052023121387,0.858974358974359,0.771929824561403,1,0.75,NA,NA,NA,NA
"3","Chelsea And Westminster Hospital NHS Foundation Trust",0.7,0.705882352941176,0.743589743589744,NA,1,0.839285714285714,0.848739495798319,NA,0.666666666666667,1,1,NA,NA,NA,NA
"4","Croydon Health Services NHS Trust",0.75,0.862745098039216,0.857142857142857,NA,NA,0.844155844155844,0.91304347826087,NA,0.69047619047619,0.8,0.769230769230769,NA,NA,NA,NA
"5","Epsom And St Helier University Hospitals NHS Trust",0.769230769230769,0.838709677419355,0.904761904761905,NA,0.888888888888889,0.776744186046512,0.905660377358491,NA,0.838709677419355,NA,0.909090909090909,NA,0.5,NA,NA
"6","Guy's And St Thomas' NHS Foundation Trust",0.728395061728395,0.811059907834101,0.89041095890411,NA,0.872727272727273,0.825515947467167,0.859701492537313,0.852173913043478,0.816831683168317,NA,0.880952380952381,NA,NA,0.75,NA
"7","Hillingdon Hospitals NHS Foundation Trust",0.875,0.757575757575758,0.789473684210526,NA,0.714285714285714,0.858823529411765,0.846153846153846,NA,0.857142857142857,NA,NA,NA,NA,1,NA
"8","Homerton Healthcare NHS Foundation Trust",0.696969696969697,0.784090909090909,0.8,NA,0.75,0.823863636363636,0.955882352941177,NA,0.784313725490196,NA,1,NA,NA,NA,NA
"9","Imperial College Healthcare NHS Trust",0.75,0.698795180722892,0.869565217391304,NA,0.75,0.819875776397516,0.84406779661017,0.838235294117647,0.780487804878049,NA,1,NA,NA,NA,NA
"10","King's College Hospital NHS Foundation Trust",0.774193548387097,0.741721854304636,0.953488372093023,NA,0.837209302325581,0.779661016949153,0.814393939393939,NA,0.717391304347826,NA,0.5,NA,NA,NA,NA
"11","Kingston And Richmond NHS Foundation Trust",0.904761904761905,0.875,0.866666666666667,NA,0.916666666666667,0.810810810810811,0.887323943661972,NA,0.875,NA,NA,1,NA,NA,NA
"12","Lewisham And Greenwich NHS Trust",0.804878048780488,0.72972972972973,0.857142857142857,NA,NA,0.7625,0.894308943089431,NA,0.897058823529412,NA,0.896551724137931,NA,0,NA,NA
"13","London North West University Healthcare NHS Trust",0.782608695652174,0.774193548387097,0.868421052631579,NA,0.91304347826087,0.767605633802817,0.881773399014778,1,0.71875,NA,0.5,NA,NA,NA,NA
"14","North Middlesex University Hospital NHS Trust",0,0,0,NA,0,0,0,0,0,NA,0,NA,NA,NA,NA
"15","Royal Free London NHS Foundation Trust",0.816326530612245,0.746268656716418,0.927536231884058,NA,0.769230769230769,0.785714285714286,0.884758364312268,0.8,0.703703703703704,1,0.769230769230769,1,NA,NA,NA
"16","St George's University Hospitals NHS Foundation Trust",0.793650793650794,0.779527559055118,0.871794871794872,NA,NA,0.7875,0.851485148514851,NA,0.755102040816326,NA,1,NA,NA,NA,NA
"17","University College London Hospitals NHS Foundation Trust",0.777777777777778,0.657534246575342,0.901639344262295,NA,0.666666666666667,0.754010695187166,0.884758364312268,0.759398496240602,0.859375,1,1,NA,NA,NA,NA
"18","Whittington Health NHS Trust",0.774193548387097,0.706666666666667,0.9,NA,1,0.831578947368421,0.9375,NA,0.863207547169811,NA,0.9,NA,NA,NA,NA
"19","Dorset County Hospital NHS Foundation Trust",0.65,0.793103448275862,0.883720930232558,NA,0.25,0.833333333333333,0.878787878787879,NA,0.666666666666667,NA,1,1,NA,1,NA
"20","Gloucestershire Hospitals NHS Foundation Trust",0.754716981132076,0.870967741935484,0.893333333333333,NA,1,0.827586206896552,0.869565217391304,0.790322580645161,NA,NA,NA,1,NA,NA,NA
"21","Great Western Hospitals NHS Foundation Trust",0.863636363636364,0.835820895522388,0.947368421052632,NA,0.7,0.809917355371901,0.896103896103896,NA,1,NA,0.75,NA,NA,NA,NA
"22","North Bristol NHS Trust",0.789473684210526,0.866666666666667,0.860759493670886,NA,NA,0.856353591160221,0.89119170984456,NA,0.756756756756757,NA,1,NA,NA,NA,NA
"23","Royal Cornwall Hospitals NHS Trust",0.92,0.863013698630137,0.958904109589041,NA,0.8,0.850467289719626,0.922535211267606,0.826086956521739,0.8,NA,1,NA,NA,NA,NA
"24","Royal Devon University Healthcare NHS Foundation Trust",0.865384615384615,0.857798165137615,0.929936305732484,NA,0.864864864864865,0.893034825870647,0.906593406593407,0.888888888888889,0.857142857142857,NA,0.942857142857143,NA,NA,NA,NA
"25","Royal United Hospitals Bath NHS Foundation Trust",0.64,0.8,0.942307692307692,NA,0.9,0.75,0.896551724137931,0.857142857142857,0.916666666666667,NA,NA,NA,NA,NA,NA
"26","Salisbury NHS Foundation Trust",0.6,0.829787234042553,0.833333333333333,NA,0.8,0.845360824742268,0.890243902439024,NA,0.705882352941176,NA,1,NA,NA,NA,NA
"27","Somerset NHS Foundation Trust",0.807692307692308,0.87551867219917,0.848101265822785,NA,0.916666666666667,0.891566265060241,0.878205128205128,0.936170212765957,0.866666666666667,0.7,0.793103448275862,0.666666666666667,0.7,0.8,1
"28","Torbay And South Devon NHS Foundation Trust",0.882352941176471,0.843137254901961,0.962264150943396,NA,0.615384615384615,0.854304635761589,0.89247311827957,0.785714285714286,0.8125,NA,0.9375,NA,NA,NA,NA
"29","University Hospitals Bristol And Weston NHS Foundation Trust",0.872093023255814,0.7625,0.855263157894737,NA,0.833333333333333,0.82648401826484,0.914691943127962,0.876923076923077,0.857142857142857,NA,NA,NA,NA,NA,0.5
"30","University Hospitals Dorset NHS Foundation Trust",0.72,0.756302521008403,0.9375,NA,0.777777777777778,0.822222222222222,0.889400921658986,0.936170212765957,0.739130434782609,NA,0.666666666666667,1,NA,1,NA
"31","University Hospitals Plymouth NHS Trust",0.911111111111111,0.8,0.917293233082707,NA,0.857142857142857,0.853801169590643,0.920398009950249,0.875,0.95,NA,NA,NA,NA,NA,NA
"32","Ashford And St. Peter's Hospitals NHS Foundation Trust",0.75,0.6875,0.870967741935484,NA,0.666666666666667,0.785714285714286,0.835294117647059,1,0.6875,NA,1,NA,NA,1,NA
"33","Buckinghamshire Healthcare NHS Trust",0.833333333333333,0.839622641509434,0.949152542372881,NA,0.8125,0.870588235294118,0.898305084745763,NA,0.892857142857143,NA,0.777777777777778,NA,NA,NA,NA
"34","Dartford And Gravesham NHS Trust",0.88,0.696969696969697,0.967741935483871,NA,NA,0.833333333333333,0.893203883495146,NA,0.916666666666667,NA,0.666666666666667,1,NA,NA,NA
"35","East Kent Hospitals University NHS Foundation Trust",0.944444444444444,0.801801801801802,0.88034188034188,NA,0.76,0.896103896103896,0.945098039215686,NA,0.871794871794872,NA,NA,NA,NA,NA,NA
"36","East Sussex Healthcare NHS Trust",0.771428571428571,0.888888888888889,0.947368421052632,NA,0.833333333333333,0.885714285714286,0.950704225352113,NA,0.741935483870968,NA,0.886363636363636,NA,1,1,NA
"37","Frimley Health NHS Foundation Trust",0.744186046511628,0.738095238095238,0.952380952380952,NA,0.6,0.81447963800905,0.880208333333333,1,0.722222222222222,NA,1,0,NA,NA,NA
"38","Hampshire Hospitals NHS Foundation Trust",0.8,0.897435897435897,0.909090909090909,NA,0.75,0.884615384615385,0.887323943661972,NA,0.823529411764706,NA,NA,NA,NA,NA,NA
"39","Isle Of Wight NHS Trust",0.1,0,0.870967741935484,NA,1,0.0909090909090909,0.918032786885246,NA,0,NA,0,NA,NA,0,NA
"40","Maidstone And Tunbridge Wells NHS Trust",0.75,0.882352941176471,1,NA,0.875,0.885245901639344,0.902597402597403,0.84070796460177,0.875,NA,NA,NA,NA,NA,NA
"41","Medway NHS Foundation Trust",0.818181818181818,0.684210526315789,0.92,NA,NA,0.625,0.917241379310345,NA,1,NA,NA,NA,NA,NA,NA
"42","Oxford University Hospitals NHS Foundation Trust",0.80327868852459,0.82258064516129,0.921875,NA,0.880952380952381,0.801556420233463,0.883116883116883,0.769230769230769,0.871794871794872,1,1,NA,NA,1,NA
"43","Portsmouth Hospitals University NHS Trust",0.757575757575758,0.695652173913043,0.92436974789916,NA,0.785714285714286,0.827586206896552,0.873563218390805,0.869565217391304,0.583333333333333,NA,1,NA,NA,NA,NA
"44","Royal Berkshire NHS Foundation Trust",NA,0.791666666666667,0.936170212765957,NA,0.80952380952381,0.816091954022989,0.853503184713376,0.84,0.8,NA,NA,NA,NA,1,NA
"45","Royal Surrey County Hospital NHS Foundation Trust",0.885714285714286,0.779661016949153,0.880952380952381,NA,0.5,0.75187969924812,0.844444444444444,0.882978723404255,0.777777777777778,NA,0.875,NA,NA,NA,NA
"46","Surrey And Sussex Healthcare NHS Trust",0.875,0.612903225806452,1,NA,1,0.846153846153846,0.844660194174757,NA,0.75,NA,NA,NA,NA,NA,NA
"47","University Hospital Southampton NHS Foundation Trust",0.843373493975904,0.8,0.883928571428571,NA,0.958333333333333,0.806122448979592,0.899598393574297,0.883720930232558,0.793103448275862,NA,NA,NA,NA,NA,NA
"48","University Hospitals Sussex NHS Foundation Trust",0.843137254901961,0.845528455284553,0.938931297709924,NA,0.936170212765957,0.599290780141844,0.915309446254072,0.927272727272727,0.828571428571429,NA,NA,NA,NA,NA,NA
"49","Chesterfield Royal Hospital NHS Foundation Trust",0.772727272727273,0.804347826086957,0.892857142857143,NA,0.9375,0.862068965517241,0.931623931623932,NA,0.805555555555556,1,NA,NA,NA,NA,NA
"50","Dudley Group NHS Foundation Trust",0.789473684210526,0.807017543859649,0.901639344262295,NA,1,0.833333333333333,0.920212765957447,NA,0.923076923076923,NA,0.777777777777778,NA,NA,NA,NA
"51","George Eliot Hospital NHS Trust",NA,0.916666666666667,0.902439024390244,NA,NA,0.854545454545454,0.875,NA,NA,NA,NA,0.5,NA,1,NA
"52","Kettering General Hospital NHS Foundation Trust",NA,0.769230769230769,0.95,NA,0.833333333333333,0.884615384615385,0.891304347826087,NA,NA,NA,NA,NA,NA,NA,NA
"53","Northampton General Hospital NHS Trust",1,0.953488372093023,0.818181818181818,NA,0.6,0.823529411764706,0.933333333333333,0.85,1,NA,1,1,NA,NA,NA
"54","Nottingham University Hospitals NHS Trust",0.875968992248062,0.89622641509434,0.932692307692308,NA,0.787234042553192,0.849122807017544,0.885057471264368,0.935897435897436,0.88,NA,NA,NA,NA,0.666666666666667,NA
"55","Royal Wolverhampton NHS Trust",0.76,0.829268292682927,0.952380952380952,NA,0.88,0.804347826086957,0.918781725888325,0.907407407407407,0.8,NA,0.933333333333333,NA,NA,0.714285714285714,NA
"56","Sandwell And West Birmingham Hospitals NHS Trust",0.833333333333333,0.887323943661972,0.981818181818182,NA,0.885714285714286,0.82122905027933,0.814814814814815,1,0.864406779661017,NA,0.961538461538462,NA,NA,0.5,NA
"57","Sherwood Forest Hospitals NHS Foundation Trust",0.714285714285714,0.852459016393443,0.942857142857143,NA,0.928571428571429,0.857142857142857,0.861702127659574,NA,0.692307692307692,NA,NA,NA,NA,0.833333333333333,NA
"58","Shrewsbury And Telford Hospital NHS Trust",0.95,0.723404255319149,0.942307692307692,NA,0.833333333333333,0.826923076923077,0.928571428571429,0.888888888888889,0.714285714285714,NA,1,NA,NA,NA,NA
"59","South Warwickshire University NHS Foundation Trust",0.914893617021277,0.834782608695652,0.7,NA,1,0.87906976744186,0.839506172839506,NA,0.838383838383838,NA,0.914285714285714,NA,NA,1,NA
"60","United Lincolnshire Teaching Hospitals NHS Trust",0.612903225806452,0.787878787878788,0.941176470588235,NA,0.894736842105263,0.853932584269663,0.90948275862069,0.956521739130435,NA,NA,NA,NA,NA,NA,NA
"61","University Hospitals Birmingham NHS Foundation Trust",0.829059829059829,0.854545454545454,0.875862068965517,NA,0.764705882352941,0.882618510158014,0.907258064516129,0.860759493670886,0.841463414634146,NA,0.909090909090909,1,NA,1,NA
"62","University Hospitals Coventry And Warwickshire NHS Trust",0.844827586206897,0.842857142857143,0.933884297520661,NA,0.871794871794872,0.839378238341969,0.932692307692308,0.92,0.941176470588235,NA,0,NA,NA,NA,NA
"63","University Hospitals Of Derby And Burton NHS Foundation Trust",0.883333333333333,0.863387978142076,0.935251798561151,NA,0.848484848484849,0.854771784232365,0.91304347826087,0.879310344827586,1,NA,NA,NA,0,1,NA
"64","University Hospitals Of Leicester NHS Trust",0.802816901408451,0.869158878504673,0.929411764705882,NA,0.804347826086957,0.847389558232932,0.911357340720222,0.857142857142857,NA,NA,0.666666666666667,NA,NA,NA,1
"65","University Hospitals Of North Midlands NHS Trust",0.844444444444444,0.829787234042553,0.951807228915663,NA,0.76,0.899328859060403,0.913934426229508,0.897959183673469,0.714285714285714,NA,NA,1,NA,NA,NA
"66","Walsall Healthcare NHS Trust",0.8125,0.86,0.925,NA,0.888888888888889,0.736842105263158,0.842105263157895,NA,0.9375,NA,0.8,1,NA,NA,NA
"67","Worcestershire Acute Hospitals NHS Trust",0.933333333333333,0.772727272727273,0.914285714285714,NA,1,0.950413223140496,0.878453038674033,0.870967741935484,0.727272727272727,NA,NA,NA,NA,NA,NA
"68","Wye Valley NHS Trust",0.866666666666667,0.765625,0.869565217391304,NA,0.833333333333333,0.892857142857143,0.916666666666667,NA,0.888888888888889,NA,0.875,NA,NA,NA,NA
"69","Bedfordshire Hospitals NHS Foundation Trust",0.837209302325581,0.8,0.952380952380952,NA,NA,0.846590909090909,0.896907216494845,1,0.727272727272727,NA,NA,NA,NA,NA,NA
"70","Cambridge University Hospitals NHS Foundation Trust",0.835294117647059,0.77027027027027,0.827160493827161,NA,0.827586206896552,0.866279069767442,0.897560975609756,0.852459016393443,0.833333333333333,0.5,1,NA,NA,NA,NA
"71","East And North Hertfordshire NHS Trust",0.727272727272727,0.785714285714286,0.975609756097561,NA,0.857142857142857,0.761904761904762,0.888888888888889,0.82,1,1,NA,NA,NA,NA,NA
"72","East Suffolk And North Essex NHS Foundation Trust",0.775,0.819548872180451,0.932038834951456,NA,0.954545454545455,0.865051903114187,0.911111111111111,0.866666666666667,0.788461538461538,NA,0.947368421052632,0,NA,NA,NA
"73","James Paget University Hospitals NHS Foundation Trust",0.75,0.764705882352941,0.896551724137931,NA,0.625,0.907407407407407,0.953488372093023,NA,1,NA,NA,NA,NA,NA,NA
"74","Mid And South Essex NHS Foundation Trust",0.716666666666667,0.794520547945206,0.946902654867257,NA,0.705882352941176,0.833333333333333,0.873376623376623,0.947368421052632,0.8,NA,0.666666666666667,NA,NA,NA,NA
"75","Milton Keynes University Hospital NHS Foundation Trust",0.92,0.708333333333333,0.902439024390244,NA,0.941176470588235,0.842105263157895,0.855555555555556,NA,NA,NA,NA,NA,NA,NA,NA
"76","Norfolk And Norwich University Hospitals NHS Foundation Trust",0.9,0.857142857142857,0.909090909090909,NA,0.571428571428571,0.838461538461538,0.943820224719101,0.914634146341463,0.904761904761905,NA,1,NA,NA,NA,NA
"77","North West Anglia NHS Foundation Trust",0.80952380952381,0.9,0.958762886597938,NA,0.923076923076923,0.854166666666667,0.89873417721519,0.931034482758621,0.714285714285714,NA,NA,NA,NA,NA,NA
"78","Princess Alexandra Hospital NHS Trust",1,0.714285714285714,0.91304347826087,NA,0.2,0.741935483870968,0.955056179775281,NA,1,NA,NA,NA,NA,NA,NA
"79","Queen Elizabeth Hospital King's Lynn NHS Foundation Trust",1,0.962962962962963,0.80952380952381,NA,1,0.8,0.905405405405405,NA,1,NA,1,1,NA,NA,NA
"80","West Hertfordshire Teaching Hospitals NHS Trust",0.846153846153846,0.735294117647059,0.902439024390244,NA,1,0.774647887323944,0.902439024390244,NA,0.8,NA,NA,NA,NA,NA,NA
"81","West Suffolk NHS Foundation Trust",0.769230769230769,0.86734693877551,0.855072463768116,NA,0.75,0.869918699186992,0.918181818181818,NA,0.865979381443299,NA,1,NA,NA,NA,NA
"82","Blackpool Teaching Hospitals NHS Foundation Trust",0.866666666666667,0.908256880733945,0.869565217391304,NA,0.642857142857143,0.890804597701149,0.941558441558442,NA,0.928571428571429,NA,0.862068965517241,NA,NA,NA,NA
"83","Bolton NHS Foundation Trust",0.91304347826087,0.837209302325581,0.966666666666667,NA,0.789473684210526,0.857868020304569,0.811320754716981,NA,0.816666666666667,NA,0.764705882352941,NA,NA,NA,NA
"84","Countess Of Chester Hospital NHS Foundation Trust",0.878787878787879,0.790697674418605,0.9,NA,0.888888888888889,0.847826086956522,0.932038834951456,NA,0.9,NA,1,1,NA,NA,NA
"85","East Cheshire NHS Trust",1,0.783783783783784,0.954545454545455,NA,0.833333333333333,0.880434782608696,0.804347826086957,0,0.838709677419355,NA,0.866666666666667,NA,NA,NA,NA
"86","East Lancashire Hospitals NHS Trust",0.857142857142857,0.864864864864865,0.950819672131147,NA,0.916666666666667,0.861660079051383,0.932584269662921,NA,0.818181818181818,0,0.981132075471698,NA,NA,1,NA
"87","Lancashire Teaching Hospitals NHS Foundation Trust",0.933333333333333,0.911392405063291,0.945205479452055,NA,0.916666666666667,0.87218045112782,0.888324873096447,0.950980392156863,0.730769230769231,NA,NA,1,NA,0.925925925925926,NA
"88","Liverpool University Hospitals NHS Foundation Trust",0.708860759493671,0.756410256410256,0.943548387096774,NA,0.918918918918919,0.847402597402597,0.876221498371335,1,0.717948717948718,NA,0.866666666666667,NA,NA,1,NA
"89","Manchester University NHS Foundation Trust",0.863013698630137,0.852664576802508,0.929347826086957,NA,0.916666666666667,0.861586314152411,0.900726392251816,NA,0.897849462365591,NA,0.867647058823529,1,NA,1,NA
"90","Mersey And West Lancashire Teaching Hospitals NHS Trust",0.733333333333333,0.877358490566038,0.91304347826087,NA,0.84,0.861702127659574,0.905027932960894,NA,0.928571428571429,NA,1,1,NA,NA,NA
"91","Mid Cheshire Hospitals NHS Foundation Trust",0.777777777777778,0.883116883116883,0.943396226415094,NA,0.9,0.876623376623377,0.89,NA,0.870588235294118,NA,0.8,NA,NA,NA,NA
"92","Northern Care Alliance NHS Foundation Trust",0.806451612903226,0.846715328467153,0.911290322580645,NA,0.939393939393939,0.822463768115942,0.901818181818182,NA,0.860824742268041,1,0.854166666666667,NA,NA,0.75,NA
"93","Stockport NHS Foundation Trust",0.689655172413793,0.847826086956522,0.961538461538462,NA,0.846153846153846,0.863636363636364,0.919540229885057,NA,0.842105263157895,NA,0.916666666666667,NA,NA,1,NA
"94","Tameside And Glossop Integrated Care NHS Foundation Trust",0.666666666666667,0.823529411764706,1,NA,0.75,0.872093023255814,0.925373134328358,NA,0.833333333333333,NA,0.875,NA,NA,NA,NA
"95","University Hospitals Of Morecambe Bay NHS Foundation Trust",0.916666666666667,0.876190476190476,0.9375,NA,1,0.905027932960894,0.898936170212766,NA,0.866666666666667,NA,0.863636363636364,NA,NA,NA,NA
"96","Warrington And Halton Teaching Hospitals NHS Foundation Trust",0.857142857142857,0.894736842105263,0.957446808510638,NA,0.8,0.860655737704918,0.896907216494845,NA,0.785714285714286,NA,NA,NA,NA,1,NA
"97","Wirral University Teaching Hospital NHS Foundation Trust",0.888888888888889,0.923076923076923,0.871428571428571,NA,0.789473684210526,0.866666666666667,0.942028985507246,NA,0.909090909090909,NA,1,NA,NA,0.75,NA
"98","Wrightington, Wigan And Leigh NHS Foundation Trust",0.875,0.906666666666667,0.962264150943396,NA,0.923076923076923,0.879668049792531,0.898550724637681,NA,0.897435897435897,NA,0.883720930232558,NA,NA,NA,NA
"99","Airedale NHS Foundation Trust",0.947368421052632,0.785714285714286,1,NA,1,0.901960784313726,0.8125,NA,0.933333333333333,NA,NA,NA,NA,NA,NA
"100","Barnsley Hospital NHS Foundation Trust",0.846153846153846,0.840909090909091,0.921052631578947,NA,1,0.846153846153846,0.875,NA,0.833333333333333,NA,NA,NA,NA,NA,NA
"101","Bradford Teaching Hospitals NHS Foundation Trust",0.945205479452055,0.851063829787234,0.781818181818182,NA,0.916666666666667,0.826771653543307,0.916129032258065,NA,0.875,NA,1,1,NA,1,NA
"102","Calderdale And Huddersfield NHS Foundation Trust",0.772727272727273,0.887323943661972,0.873015873015873,NA,0.785714285714286,0.831578947368421,0.93125,1,0.863636363636364,NA,1,NA,NA,NA,NA
"103","County Durham And Darlington NHS Foundation Trust",0.789473684210526,0.846153846153846,0.877777777777778,NA,0.9,0.917431192660551,0.911764705882353,NA,0.88,NA,0.903846153846154,NA,NA,NA,NA
"104","Doncaster And Bassetlaw Teaching Hospitals NHS Foundation Trust",0.846153846153846,0.953488372093023,0.939024390243902,NA,1,0.940677966101695,0.902777777777778,NA,0.914285714285714,NA,1,NA,NA,NA,NA
"105","Gateshead Health NHS Foundation Trust",0.857142857142857,0.808823529411765,0.92156862745098,NA,NA,0.8375,0.9,NA,0.909090909090909,NA,0.857142857142857,NA,NA,NA,NA
"106","Harrogate And District NHS Foundation Trust",0.833333333333333,0.804347826086957,0.868421052631579,NA,1,0.917525773195876,0.805194805194805,NA,0.84,NA,0.875,NA,NA,NA,NA
"107","Hull University Teaching Hospitals NHS Trust",0.875,0.863636363636364,0.952755905511811,NA,0.945945945945946,0.931578947368421,0.902325581395349,0.946428571428571,0.7,NA,NA,NA,NA,NA,NA
"108","Leeds Teaching Hospitals NHS Trust",0.868421052631579,0.794117647058824,0.916666666666667,NA,0.95,0.852348993288591,0.89058524173028,0.894308943089431,0.893939393939394,NA,0.666666666666667,1,NA,NA,NA
"109","Mid Yorkshire Teaching NHS Trust",0.909090909090909,0.877049180327869,0.929577464788732,NA,0.9,0.900497512437811,0.921658986175115,NA,0.795454545454545,1,1,NA,NA,NA,NA
"110","Newcastle Upon Tyne Hospitals NHS Foundation Trust",0.890243902439024,0.834710743801653,0.931818181818182,NA,0.846153846153846,0.88955223880597,0.897119341563786,0.848214285714286,0.91025641025641,NA,0.96551724137931,NA,NA,NA,NA
"111","North Cumbria Integrated Care NHS Foundation Trust",0.857142857142857,0.885496183206107,0.935483870967742,NA,0.933333333333333,0.904522613065327,0.909836065573771,NA,0.8,NA,0.785714285714286,1,NA,1,NA
"112","North Tees And Hartlepool NHS Foundation Trust",0.818181818181818,0.893939393939394,0.857142857142857,NA,NA,0.903225806451613,0.884955752212389,1,0.816901408450704,NA,0.823529411764706,1,NA,NA,NA
"113","Northern Lincolnshire And Goole NHS Foundation Trust",0.952380952380952,0.857142857142857,0.861538461538462,NA,0.8,0.855670103092784,0.929824561403509,NA,0.882352941176471,NA,0.882352941176471,1,NA,NA,NA
"114","Northumbria Healthcare NHS Foundation Trust",0.894736842105263,0.842105263157895,0.908045977011494,NA,NA,0.892,0.961538461538462,NA,0.871794871794872,0.5,0.944444444444444,NA,NA,NA,NA
"115","Rotherham NHS Foundation Trust",0.851851851851852,0.851851851851852,0.872340425531915,NA,0.571428571428571,0.883211678832117,0.946236559139785,NA,0.777777777777778,NA,1,NA,NA,NA,NA
"116","Sheffield Teaching Hospitals NHS Foundation Trust",0.875,0.897590361445783,0.896039603960396,NA,0.911764705882353,0.911917098445596,0.866666666666667,0.907563025210084,0.888888888888889,NA,0.869565217391304,NA,NA,NA,NA
"117","South Tees Hospitals NHS Foundation Trust",0.882352941176471,0.866666666666667,0.913793103448276,NA,0.833333333333333,0.936329588014981,0.922018348623853,0.921052631578947,0.909090909090909,NA,0.958333333333333,NA,NA,1,NA
"118","South Tyneside And Sunderland NHS Foundation Trust",0.842105263157895,0.885057471264368,0.946666666666667,NA,0.96,0.845238095238095,0.925170068027211,NA,0.879518072289157,NA,0.911111111111111,NA,NA,NA,NA
"119","York And Scarborough Teaching Hospitals NHS Foundation Trust",0.814814814814815,0.884297520661157,0.897727272727273,NA,0.932203389830508,0.877551020408163,0.885135135135135,1,0.8125,NA,NA,NA,NA,NA,NA
