"","Care setting","Q","Year","min","median","mean","max"
"1","All care settings","q18",2023,0.737089201877934,0.859213250517598,0.853005761400686,0.917627677100494
"2","All care settings","q18",2024,0.507552870090634,0.868355649097667,0.860001190575273,0.924731182795699
"3","All care settings","q21",2023,0.737089201877934,0.859213250517598,0.853005761400686,0.917627677100494
"4","All care settings","q21",2024,0.507552870090634,0.868355649097667,0.860001190575273,0.924731182795699
"5","All care settings","q23",2023,0.737089201877934,0.859213250517598,0.853005761400686,0.917627677100494
"6","All care settings","q23",2024,0.507552870090634,0.868355649097667,0.860001190575273,0.924731182795699
"7","All care settings","q30",2023,0.737089201877934,0.859213250517598,0.853005761400686,0.917627677100494
"8","All care settings","q30",2024,0.507552870090634,0.868355649097667,0.860001190575273,0.924731182795699
"9","All care settings","q48",2023,0.737089201877934,0.859213250517598,0.853005761400686,0.917627677100494
"10","All care settings","q48",2024,0.507552870090634,0.868355649097667,0.860001190575273,0.924731182795699
"11","Dietetics","q18",2023,0.5,0.818181818181818,0.81417335177693,1
"12","Dietetics","q18",2024,0.1,0.831196581196581,0.820653610822124,1
"13","Dietetics","q21",2023,0.5,0.818181818181818,0.81417335177693,1
"14","Dietetics","q21",2024,0.1,0.831196581196581,0.820653610822124,1
"15","Dietetics","q23",2023,0.5,0.818181818181818,0.81417335177693,1
"16","Dietetics","q23",2024,0.1,0.831196581196581,0.820653610822124,1
"17","Dietetics","q30",2023,0.5,0.818181818181818,0.81417335177693,1
"18","Dietetics","q30",2024,0.1,0.831196581196581,0.820653610822124,1
"19","Dietetics","q48",2023,0.5,0.818181818181818,0.81417335177693,1
"20","Dietetics","q48",2024,0.1,0.831196581196581,0.820653610822124,1
"21","Education","q18",2023,1,1,1,1
"22","Education","q18",2024,0.5,1,0.962121212121212,1
"23","Education","q21",2023,1,1,1,1
"24","Education","q21",2024,0.5,1,0.962121212121212,1
"25","Education","q23",2023,1,1,1,1
"26","Education","q23",2024,0.5,1,0.962121212121212,1
"27","Education","q30",2023,1,1,1,1
"28","Education","q30",2024,0.5,1,0.962121212121212,1
"29","Education","q48",2023,1,1,1,1
"30","Education","q48",2024,0.5,1,0.962121212121212,1
"31","Hazardous Area Response Team","q18",2023,Inf,NA,NA,-Inf
"32","Hazardous Area Response Team","q18",2024,1,1,1,1
"33","Hazardous Area Response Team","q21",2023,Inf,NA,NA,-Inf
"34","Hazardous Area Response Team","q21",2024,1,1,1,1
"35","Hazardous Area Response Team","q23",2023,Inf,NA,NA,-Inf
"36","Hazardous Area Response Team","q23",2024,1,1,1,1
"37","Hazardous Area Response Team","q30",2023,Inf,NA,NA,-Inf
"38","Hazardous Area Response Team","q30",2024,1,1,1,1
"39","Hazardous Area Response Team","q48",2023,Inf,NA,NA,-Inf
"40","Hazardous Area Response Team","q48",2024,1,1,1,1
"41","Occupational Therapy","q18",2023,0.428571428571429,0.826293103448276,0.807895473582305,0.958904109589041
"42","Occupational Therapy","q18",2024,0.612903225806452,0.834782608695652,0.821817274541491,1
"43","Occupational Therapy","q21",2023,0.428571428571429,0.826293103448276,0.807895473582305,0.958904109589041
"44","Occupational Therapy","q21",2024,0.612903225806452,0.834782608695652,0.821817274541491,1
"45","Occupational Therapy","q23",2023,0.428571428571429,0.826293103448276,0.807895473582305,0.958904109589041
"46","Occupational Therapy","q23",2024,0.612903225806452,0.834782608695652,0.821817274541491,1
"47","Occupational Therapy","q30",2023,0.428571428571429,0.826293103448276,0.807895473582305,0.958904109589041
"48","Occupational Therapy","q30",2024,0.612903225806452,0.834782608695652,0.821817274541491,1
"49","Occupational Therapy","q48",2023,0.428571428571429,0.826293103448276,0.807895473582305,0.958904109589041
"50","Occupational Therapy","q48",2024,0.612903225806452,0.834782608695652,0.821817274541491,1
"51","Operating Theatres","q18",2023,0.735294117647059,0.9,0.894080881005553,1
"52","Operating Theatres","q18",2024,0.5,0.91547619047619,0.903159749292095,1
"53","Operating Theatres","q21",2023,0.735294117647059,0.9,0.894080881005553,1
"54","Operating Theatres","q21",2024,0.5,0.91547619047619,0.903159749292095,1
"55","Operating Theatres","q23",2023,0.735294117647059,0.9,0.894080881005553,1
"56","Operating Theatres","q23",2024,0.5,0.91547619047619,0.903159749292095,1
"57","Operating Theatres","q30",2023,0.735294117647059,0.9,0.894080881005553,1
"58","Operating Theatres","q30",2024,0.5,0.91547619047619,0.903159749292095,1
"59","Operating Theatres","q48",2023,0.735294117647059,0.9,0.894080881005553,1
"60","Operating Theatres","q48",2024,0.5,0.91547619047619,0.903159749292095,1
"61","Orthoptics","q18",2024,Inf,NA,NA,-Inf
"62","Orthoptics","q21",2024,Inf,NA,NA,-Inf
"63","Orthoptics","q23",2024,Inf,NA,NA,-Inf
"64","Orthoptics","q30",2024,Inf,NA,NA,-Inf
"65","Orthoptics","q48",2024,Inf,NA,NA,-Inf
"66","Osteopathy","q18",2023,0.857142857142857,1,0.964285714285714,1
"67","Osteopathy","q18",2024,0.5,0.7,0.733333333333333,1
"68","Osteopathy","q21",2023,0.857142857142857,1,0.964285714285714,1
"69","Osteopathy","q21",2024,0.5,0.7,0.733333333333333,1
"70","Osteopathy","q23",2023,0.857142857142857,1,0.964285714285714,1
"71","Osteopathy","q23",2024,0.5,0.7,0.733333333333333,1
"72","Osteopathy","q30",2023,0.857142857142857,1,0.964285714285714,1
"73","Osteopathy","q30",2024,0.5,0.7,0.733333333333333,1
"74","Osteopathy","q48",2023,0.857142857142857,1,0.964285714285714,1
"75","Osteopathy","q48",2024,0.5,0.7,0.733333333333333,1
"76","Patient Transport Service","q18",2023,0.333333333333333,0.666666666666667,0.666666666666667,1
"77","Patient Transport Service","q18",2024,0.5,1,0.833333333333333,1
"78","Patient Transport Service","q21",2023,0.333333333333333,0.666666666666667,0.666666666666667,1
"79","Patient Transport Service","q21",2024,0.5,1,0.833333333333333,1
"80","Patient Transport Service","q23",2023,0.333333333333333,0.666666666666667,0.666666666666667,1
"81","Patient Transport Service","q23",2024,0.5,1,0.833333333333333,1
"82","Patient Transport Service","q30",2023,0.333333333333333,0.666666666666667,0.666666666666667,1
"83","Patient Transport Service","q30",2024,0.5,1,0.833333333333333,1
"84","Patient Transport Service","q48",2023,0.333333333333333,0.666666666666667,0.666666666666667,1
"85","Patient Transport Service","q48",2024,0.5,1,0.833333333333333,1
"86","Physiotherapy","q18",2023,0.6,0.84430176565008,0.834112411740442,1
"87","Physiotherapy","q18",2024,0.0909090909090909,0.848803827751196,0.836452138511952,0.950413223140496
"88","Physiotherapy","q21",2023,0.6,0.84430176565008,0.834112411740442,1
"89","Physiotherapy","q21",2024,0.0909090909090909,0.848803827751196,0.836452138511952,0.950413223140496
"90","Physiotherapy","q23",2023,0.6,0.84430176565008,0.834112411740442,1
"91","Physiotherapy","q23",2024,0.0909090909090909,0.848803827751196,0.836452138511952,0.950413223140496
"92","Physiotherapy","q30",2023,0.6,0.84430176565008,0.834112411740442,1
"93","Physiotherapy","q30",2024,0.0909090909090909,0.848803827751196,0.836452138511952,0.950413223140496
"94","Physiotherapy","q48",2023,0.6,0.84430176565008,0.834112411740442,1
"95","Physiotherapy","q48",2024,0.0909090909090909,0.848803827751196,0.836452138511952,0.950413223140496
"96","Prosthetics and Orthotics","q18",2023,0.5,1,0.909134110060036,1
"97","Prosthetics and Orthotics","q18",2024,0.5,1,0.913776285442952,1
"98","Prosthetics and Orthotics","q21",2023,0.5,1,0.909134110060036,1
"99","Prosthetics and Orthotics","q21",2024,0.5,1,0.913776285442952,1
"100","Prosthetics and Orthotics","q23",2023,0.5,1,0.909134110060036,1
"101","Prosthetics and Orthotics","q23",2024,0.5,1,0.913776285442952,1
"102","Prosthetics and Orthotics","q30",2023,0.5,1,0.909134110060036,1
"103","Prosthetics and Orthotics","q30",2024,0.5,1,0.913776285442952,1
"104","Prosthetics and Orthotics","q48",2023,0.5,1,0.909134110060036,1
"105","Prosthetics and Orthotics","q48",2024,0.5,1,0.913776285442952,1
"106","Radiography (diagnostic)","q18",2023,0.72,0.885204081632653,0.880029297520037,0.967741935483871
"107","Radiography (diagnostic)","q18",2024,0.642857142857143,0.897760079641613,0.890490318589355,0.961538461538462
"108","Radiography (diagnostic)","q21",2023,0.72,0.885204081632653,0.880029297520037,0.967741935483871
"109","Radiography (diagnostic)","q21",2024,0.642857142857143,0.897760079641613,0.890490318589355,0.961538461538462
"110","Radiography (diagnostic)","q23",2023,0.72,0.885204081632653,0.880029297520037,0.967741935483871
"111","Radiography (diagnostic)","q23",2024,0.642857142857143,0.897760079641613,0.890490318589355,0.961538461538462
"112","Radiography (diagnostic)","q30",2023,0.72,0.885204081632653,0.880029297520037,0.967741935483871
"113","Radiography (diagnostic)","q30",2024,0.642857142857143,0.897760079641613,0.890490318589355,0.961538461538462
"114","Radiography (diagnostic)","q48",2023,0.72,0.885204081632653,0.880029297520037,0.967741935483871
"115","Radiography (diagnostic)","q48",2024,0.642857142857143,0.897760079641613,0.890490318589355,0.961538461538462
"116","Radiography (therapeutic)","q18",2023,0.75,0.884615384615385,0.89887661000869,1
"117","Radiography (therapeutic)","q18",2024,0.759398496240602,0.883720930232558,0.893235597872012,1
"118","Radiography (therapeutic)","q21",2023,0.75,0.884615384615385,0.89887661000869,1
"119","Radiography (therapeutic)","q21",2024,0.759398496240602,0.883720930232558,0.893235597872012,1
"120","Radiography (therapeutic)","q23",2023,0.75,0.884615384615385,0.89887661000869,1
"121","Radiography (therapeutic)","q23",2024,0.759398496240602,0.883720930232558,0.893235597872012,1
"122","Radiography (therapeutic)","q30",2023,0.75,0.884615384615385,0.89887661000869,1
"123","Radiography (therapeutic)","q30",2024,0.759398496240602,0.883720930232558,0.893235597872012,1
"124","Radiography (therapeutic)","q48",2023,0.75,0.884615384615385,0.89887661000869,1
"125","Radiography (therapeutic)","q48",2024,0.759398496240602,0.883720930232558,0.893235597872012,1
"126","Speech & Language Therapy","q18",2023,0.4,0.811011904761905,0.793159924461878,1
"127","Speech & Language Therapy","q18",2024,0.333333333333333,0.841463414634146,0.832829957646341,1
"128","Speech & Language Therapy","q21",2023,0.4,0.811011904761905,0.793159924461878,1
"129","Speech & Language Therapy","q21",2024,0.333333333333333,0.841463414634146,0.832829957646341,1
"130","Speech & Language Therapy","q23",2023,0.4,0.811011904761905,0.793159924461878,1
"131","Speech & Language Therapy","q23",2024,0.333333333333333,0.841463414634146,0.832829957646341,1
"132","Speech & Language Therapy","q30",2023,0.4,0.811011904761905,0.793159924461878,1
"133","Speech & Language Therapy","q30",2024,0.333333333333333,0.841463414634146,0.832829957646341,1
"134","Speech & Language Therapy","q48",2023,0.4,0.811011904761905,0.793159924461878,1
"135","Speech & Language Therapy","q48",2024,0.333333333333333,0.841463414634146,0.832829957646341,1
