"","Care setting","Question","year_end","min","median","mean","max"
"1","All care settings","q11c",2023,0.662251655629139,0.836779421928106,0.832127025416526,1
"2","All care settings","q11c",2024,0.387700534759358,0.859042109129767,0.850553043180827,0.93230944254835
"3","All care settings","q11c",2025,0.507552870090634,0.868438305870012,0.861024713442952,0.941176470588235
"4","All care settings","q21",2023,0.662251655629139,0.836779421928106,0.832127025416526,1
"5","All care settings","q21",2024,0.387700534759358,0.859042109129767,0.850553043180827,0.93230944254835
"6","All care settings","q21",2025,0.507552870090634,0.868438305870012,0.861024713442952,0.941176470588235
"7","All care settings","q24d",2023,0.662251655629139,0.836779421928106,0.832127025416526,1
"8","All care settings","q24d",2024,0.387700534759358,0.859042109129767,0.850553043180827,0.93230944254835
"9","All care settings","q24d",2025,0.507552870090634,0.868438305870012,0.861024713442952,0.941176470588235
"10","All care settings","q25d",2023,0.662251655629139,0.836779421928106,0.832127025416526,1
"11","All care settings","q25d",2024,0.387700534759358,0.859042109129767,0.850553043180827,0.93230944254835
"12","All care settings","q25d",2025,0.507552870090634,0.868438305870012,0.861024713442952,0.941176470588235
"13","All care settings","q25f",2023,0.662251655629139,0.836779421928106,0.832127025416526,1
"14","All care settings","q25f",2024,0.387700534759358,0.859042109129767,0.850553043180827,0.93230944254835
"15","All care settings","q25f",2025,0.507552870090634,0.868438305870012,0.861024713442952,0.941176470588235
"16","All care settings","q26a",2023,0.662251655629139,0.836779421928106,0.832127025416526,1
"17","All care settings","q26a",2024,0.387700534759358,0.859042109129767,0.850553043180827,0.93230944254835
"18","All care settings","q26a",2025,0.507552870090634,0.868438305870012,0.861024713442952,0.941176470588235
"19","All care settings","q26c",2023,0.662251655629139,0.836779421928106,0.832127025416526,1
"20","All care settings","q26c",2024,0.387700534759358,0.859042109129767,0.850553043180827,0.93230944254835
"21","All care settings","q26c",2025,0.507552870090634,0.868438305870012,0.861024713442952,0.941176470588235
"22","All care settings","q2a",2023,0.662251655629139,0.836779421928106,0.832127025416526,1
"23","All care settings","q2a",2024,0.387700534759358,0.859042109129767,0.850553043180827,0.93230944254835
"24","All care settings","q2a",2025,0.507552870090634,0.868438305870012,0.861024713442952,0.941176470588235
"25","All care settings","q3i",2023,0.662251655629139,0.836779421928106,0.832127025416526,1
"26","All care settings","q3i",2024,0.387700534759358,0.859042109129767,0.850553043180827,0.93230944254835
"27","All care settings","q3i",2025,0.507552870090634,0.868438305870012,0.861024713442952,0.941176470588235
"28","All care settings","q4c",2023,0.662251655629139,0.836779421928106,0.832127025416526,1
"29","All care settings","q4c",2024,0.387700534759358,0.859042109129767,0.850553043180827,0.93230944254835
"30","All care settings","q4c",2025,0.507552870090634,0.868438305870012,0.861024713442952,0.941176470588235
"31","All care settings","q4d",2023,0.662251655629139,0.836779421928106,0.832127025416526,1
"32","All care settings","q4d",2024,0.387700534759358,0.859042109129767,0.850553043180827,0.93230944254835
"33","All care settings","q4d",2025,0.507552870090634,0.868438305870012,0.861024713442952,0.941176470588235
"34","All care settings","q5a",2023,0.662251655629139,0.836779421928106,0.832127025416526,1
"35","All care settings","q5a",2024,0.387700534759358,0.859042109129767,0.850553043180827,0.93230944254835
"36","All care settings","q5a",2025,0.507552870090634,0.868438305870012,0.861024713442952,0.941176470588235
"37","All care settings","q9a",2023,0.662251655629139,0.836779421928106,0.832127025416526,1
"38","All care settings","q9a",2024,0.387700534759358,0.859042109129767,0.850553043180827,0.93230944254835
"39","All care settings","q9a",2025,0.507552870090634,0.868438305870012,0.861024713442952,0.941176470588235
"40","All care settings","q9i",2023,0.662251655629139,0.836779421928106,0.832127025416526,1
"41","All care settings","q9i",2024,0.387700534759358,0.859042109129767,0.850553043180827,0.93230944254835
"42","All care settings","q9i",2025,0.507552870090634,0.868438305870012,0.861024713442952,0.941176470588235
"43","Art / Music / Dramatherapy","q11c",2023,0.5,1,0.898343180984237,1
"44","Art / Music / Dramatherapy","q11c",2024,0.5,0.91025641025641,0.87550123064001,1
"45","Art / Music / Dramatherapy","q11c",2025,0.5,0.909090909090909,0.879309481282752,1
"46","Art / Music / Dramatherapy","q21",2023,0.5,1,0.898343180984237,1
"47","Art / Music / Dramatherapy","q21",2024,0.5,0.91025641025641,0.87550123064001,1
"48","Art / Music / Dramatherapy","q21",2025,0.5,0.909090909090909,0.879309481282752,1
"49","Art / Music / Dramatherapy","q24d",2023,0.5,1,0.898343180984237,1
"50","Art / Music / Dramatherapy","q24d",2024,0.5,0.91025641025641,0.87550123064001,1
"51","Art / Music / Dramatherapy","q24d",2025,0.5,0.909090909090909,0.879309481282752,1
"52","Art / Music / Dramatherapy","q25d",2023,0.5,1,0.898343180984237,1
"53","Art / Music / Dramatherapy","q25d",2024,0.5,0.91025641025641,0.87550123064001,1
"54","Art / Music / Dramatherapy","q25d",2025,0.5,0.909090909090909,0.879309481282752,1
"55","Art / Music / Dramatherapy","q25f",2023,0.5,1,0.898343180984237,1
"56","Art / Music / Dramatherapy","q25f",2024,0.5,0.91025641025641,0.87550123064001,1
"57","Art / Music / Dramatherapy","q25f",2025,0.5,0.909090909090909,0.879309481282752,1
"58","Art / Music / Dramatherapy","q26a",2023,0.5,1,0.898343180984237,1
"59","Art / Music / Dramatherapy","q26a",2024,0.5,0.91025641025641,0.87550123064001,1
"60","Art / Music / Dramatherapy","q26a",2025,0.5,0.909090909090909,0.879309481282752,1
"61","Art / Music / Dramatherapy","q26c",2023,0.5,1,0.898343180984237,1
"62","Art / Music / Dramatherapy","q26c",2024,0.5,0.91025641025641,0.87550123064001,1
"63","Art / Music / Dramatherapy","q26c",2025,0.5,0.909090909090909,0.879309481282752,1
"64","Art / Music / Dramatherapy","q2a",2023,0.5,1,0.898343180984237,1
"65","Art / Music / Dramatherapy","q2a",2024,0.5,0.91025641025641,0.87550123064001,1
"66","Art / Music / Dramatherapy","q2a",2025,0.5,0.909090909090909,0.879309481282752,1
"67","Art / Music / Dramatherapy","q3i",2023,0.5,1,0.898343180984237,1
"68","Art / Music / Dramatherapy","q3i",2024,0.5,0.91025641025641,0.87550123064001,1
"69","Art / Music / Dramatherapy","q3i",2025,0.5,0.909090909090909,0.879309481282752,1
"70","Art / Music / Dramatherapy","q4c",2023,0.5,1,0.898343180984237,1
"71","Art / Music / Dramatherapy","q4c",2024,0.5,0.91025641025641,0.87550123064001,1
"72","Art / Music / Dramatherapy","q4c",2025,0.5,0.909090909090909,0.879309481282752,1
"73","Art / Music / Dramatherapy","q4d",2023,0.5,1,0.898343180984237,1
"74","Art / Music / Dramatherapy","q4d",2024,0.5,0.91025641025641,0.87550123064001,1
"75","Art / Music / Dramatherapy","q4d",2025,0.5,0.909090909090909,0.879309481282752,1
"76","Art / Music / Dramatherapy","q5a",2023,0.5,1,0.898343180984237,1
"77","Art / Music / Dramatherapy","q5a",2024,0.5,0.91025641025641,0.87550123064001,1
"78","Art / Music / Dramatherapy","q5a",2025,0.5,0.909090909090909,0.879309481282752,1
"79","Art / Music / Dramatherapy","q9a",2023,0.5,1,0.898343180984237,1
"80","Art / Music / Dramatherapy","q9a",2024,0.5,0.91025641025641,0.87550123064001,1
"81","Art / Music / Dramatherapy","q9a",2025,0.5,0.909090909090909,0.879309481282752,1
"82","Art / Music / Dramatherapy","q9i",2023,0.5,1,0.898343180984237,1
"83","Art / Music / Dramatherapy","q9i",2024,0.5,0.91025641025641,0.87550123064001,1
"84","Art / Music / Dramatherapy","q9i",2025,0.5,0.909090909090909,0.879309481282752,1
"85","Chiropody / Podiatry","q11c",2023,0.555555555555556,0.863466915191053,0.867344653159765,1
"86","Chiropody / Podiatry","q11c",2024,0.692307692307692,0.913664596273292,0.896534082519333,1
"87","Chiropody / Podiatry","q11c",2025,0.5,0.896551724137931,0.886256580073596,1
"88","Chiropody / Podiatry","q21",2023,0.555555555555556,0.863466915191053,0.867344653159765,1
"89","Chiropody / Podiatry","q21",2024,0.692307692307692,0.913664596273292,0.896534082519333,1
"90","Chiropody / Podiatry","q21",2025,0.5,0.896551724137931,0.886256580073596,1
"91","Chiropody / Podiatry","q24d",2023,0.555555555555556,0.863466915191053,0.867344653159765,1
"92","Chiropody / Podiatry","q24d",2024,0.692307692307692,0.913664596273292,0.896534082519333,1
"93","Chiropody / Podiatry","q24d",2025,0.5,0.896551724137931,0.886256580073596,1
"94","Chiropody / Podiatry","q25d",2023,0.555555555555556,0.863466915191053,0.867344653159765,1
"95","Chiropody / Podiatry","q25d",2024,0.692307692307692,0.913664596273292,0.896534082519333,1
"96","Chiropody / Podiatry","q25d",2025,0.5,0.896551724137931,0.886256580073596,1
"97","Chiropody / Podiatry","q25f",2023,0.555555555555556,0.863466915191053,0.867344653159765,1
"98","Chiropody / Podiatry","q25f",2024,0.692307692307692,0.913664596273292,0.896534082519333,1
"99","Chiropody / Podiatry","q25f",2025,0.5,0.896551724137931,0.886256580073596,1
"100","Chiropody / Podiatry","q26a",2023,0.555555555555556,0.863466915191053,0.867344653159765,1
"101","Chiropody / Podiatry","q26a",2024,0.692307692307692,0.913664596273292,0.896534082519333,1
"102","Chiropody / Podiatry","q26a",2025,0.5,0.896551724137931,0.886256580073596,1
"103","Chiropody / Podiatry","q26c",2023,0.555555555555556,0.863466915191053,0.867344653159765,1
"104","Chiropody / Podiatry","q26c",2024,0.692307692307692,0.913664596273292,0.896534082519333,1
"105","Chiropody / Podiatry","q26c",2025,0.5,0.896551724137931,0.886256580073596,1
"106","Chiropody / Podiatry","q2a",2023,0.555555555555556,0.863466915191053,0.867344653159765,1
"107","Chiropody / Podiatry","q2a",2024,0.692307692307692,0.913664596273292,0.896534082519333,1
"108","Chiropody / Podiatry","q2a",2025,0.5,0.896551724137931,0.886256580073596,1
"109","Chiropody / Podiatry","q3i",2023,0.555555555555556,0.863466915191053,0.867344653159765,1
"110","Chiropody / Podiatry","q3i",2024,0.692307692307692,0.913664596273292,0.896534082519333,1
"111","Chiropody / Podiatry","q3i",2025,0.5,0.896551724137931,0.886256580073596,1
"112","Chiropody / Podiatry","q4c",2023,0.555555555555556,0.863466915191053,0.867344653159765,1
"113","Chiropody / Podiatry","q4c",2024,0.692307692307692,0.913664596273292,0.896534082519333,1
"114","Chiropody / Podiatry","q4c",2025,0.5,0.896551724137931,0.886256580073596,1
"115","Chiropody / Podiatry","q4d",2023,0.555555555555556,0.863466915191053,0.867344653159765,1
"116","Chiropody / Podiatry","q4d",2024,0.692307692307692,0.913664596273292,0.896534082519333,1
"117","Chiropody / Podiatry","q4d",2025,0.5,0.896551724137931,0.886256580073596,1
"118","Chiropody / Podiatry","q5a",2023,0.555555555555556,0.863466915191053,0.867344653159765,1
"119","Chiropody / Podiatry","q5a",2024,0.692307692307692,0.913664596273292,0.896534082519333,1
"120","Chiropody / Podiatry","q5a",2025,0.5,0.896551724137931,0.886256580073596,1
"121","Chiropody / Podiatry","q9a",2023,0.555555555555556,0.863466915191053,0.867344653159765,1
"122","Chiropody / Podiatry","q9a",2024,0.692307692307692,0.913664596273292,0.896534082519333,1
"123","Chiropody / Podiatry","q9a",2025,0.5,0.896551724137931,0.886256580073596,1
"124","Chiropody / Podiatry","q9i",2023,0.555555555555556,0.863466915191053,0.867344653159765,1
"125","Chiropody / Podiatry","q9i",2024,0.692307692307692,0.913664596273292,0.896534082519333,1
"126","Chiropody / Podiatry","q9i",2025,0.5,0.896551724137931,0.886256580073596,1
"127","Dietetics","q11c",2023,0.333333333333333,0.821428571428571,0.806804678486022,1
"128","Dietetics","q11c",2024,0.105263157894737,0.818181818181818,0.805733141338593,1
"129","Dietetics","q11c",2025,0.1,0.835294117647059,0.823947602949893,1
"130","Dietetics","q21",2023,0.333333333333333,0.821428571428571,0.806804678486022,1
"131","Dietetics","q21",2024,0.105263157894737,0.818181818181818,0.805733141338593,1
"132","Dietetics","q21",2025,0.1,0.835294117647059,0.823947602949893,1
"133","Dietetics","q24d",2023,0.333333333333333,0.821428571428571,0.806804678486022,1
"134","Dietetics","q24d",2024,0.105263157894737,0.818181818181818,0.805733141338593,1
"135","Dietetics","q24d",2025,0.1,0.835294117647059,0.823947602949893,1
"136","Dietetics","q25d",2023,0.333333333333333,0.821428571428571,0.806804678486022,1
"137","Dietetics","q25d",2024,0.105263157894737,0.818181818181818,0.805733141338593,1
"138","Dietetics","q25d",2025,0.1,0.835294117647059,0.823947602949893,1
"139","Dietetics","q25f",2023,0.333333333333333,0.821428571428571,0.806804678486022,1
"140","Dietetics","q25f",2024,0.105263157894737,0.818181818181818,0.805733141338593,1
"141","Dietetics","q25f",2025,0.1,0.835294117647059,0.823947602949893,1
"142","Dietetics","q26a",2023,0.333333333333333,0.821428571428571,0.806804678486022,1
"143","Dietetics","q26a",2024,0.105263157894737,0.818181818181818,0.805733141338593,1
"144","Dietetics","q26a",2025,0.1,0.835294117647059,0.823947602949893,1
"145","Dietetics","q26c",2023,0.333333333333333,0.821428571428571,0.806804678486022,1
"146","Dietetics","q26c",2024,0.105263157894737,0.818181818181818,0.805733141338593,1
"147","Dietetics","q26c",2025,0.1,0.835294117647059,0.823947602949893,1
"148","Dietetics","q2a",2023,0.333333333333333,0.821428571428571,0.806804678486022,1
"149","Dietetics","q2a",2024,0.105263157894737,0.818181818181818,0.805733141338593,1
"150","Dietetics","q2a",2025,0.1,0.835294117647059,0.823947602949893,1
"151","Dietetics","q3i",2023,0.333333333333333,0.821428571428571,0.806804678486022,1
"152","Dietetics","q3i",2024,0.105263157894737,0.818181818181818,0.805733141338593,1
"153","Dietetics","q3i",2025,0.1,0.835294117647059,0.823947602949893,1
"154","Dietetics","q4c",2023,0.333333333333333,0.821428571428571,0.806804678486022,1
"155","Dietetics","q4c",2024,0.105263157894737,0.818181818181818,0.805733141338593,1
"156","Dietetics","q4c",2025,0.1,0.835294117647059,0.823947602949893,1
"157","Dietetics","q4d",2023,0.333333333333333,0.821428571428571,0.806804678486022,1
"158","Dietetics","q4d",2024,0.105263157894737,0.818181818181818,0.805733141338593,1
"159","Dietetics","q4d",2025,0.1,0.835294117647059,0.823947602949893,1
"160","Dietetics","q5a",2023,0.333333333333333,0.821428571428571,0.806804678486022,1
"161","Dietetics","q5a",2024,0.105263157894737,0.818181818181818,0.805733141338593,1
"162","Dietetics","q5a",2025,0.1,0.835294117647059,0.823947602949893,1
"163","Dietetics","q9a",2023,0.333333333333333,0.821428571428571,0.806804678486022,1
"164","Dietetics","q9a",2024,0.105263157894737,0.818181818181818,0.805733141338593,1
"165","Dietetics","q9a",2025,0.1,0.835294117647059,0.823947602949893,1
"166","Dietetics","q9i",2023,0.333333333333333,0.821428571428571,0.806804678486022,1
"167","Dietetics","q9i",2024,0.105263157894737,0.818181818181818,0.805733141338593,1
"168","Dietetics","q9i",2025,0.1,0.835294117647059,0.823947602949893,1
"169","Education","q11c",2023,0.5,1,0.95764652014652,1
"170","Education","q11c",2024,0.5,1,0.976691473335418,1
"171","Education","q11c",2025,0.5,1,0.943573558141903,1
"172","Education","q21",2023,0.5,1,0.95764652014652,1
"173","Education","q21",2024,0.5,1,0.976691473335418,1
"174","Education","q21",2025,0.5,1,0.943573558141903,1
"175","Education","q24d",2023,0.5,1,0.95764652014652,1
"176","Education","q24d",2024,0.5,1,0.976691473335418,1
"177","Education","q24d",2025,0.5,1,0.943573558141903,1
"178","Education","q25d",2023,0.5,1,0.95764652014652,1
"179","Education","q25d",2024,0.5,1,0.976691473335418,1
"180","Education","q25d",2025,0.5,1,0.943573558141903,1
"181","Education","q25f",2023,0.5,1,0.95764652014652,1
"182","Education","q25f",2024,0.5,1,0.976691473335418,1
"183","Education","q25f",2025,0.5,1,0.943573558141903,1
"184","Education","q26a",2023,0.5,1,0.95764652014652,1
"185","Education","q26a",2024,0.5,1,0.976691473335418,1
"186","Education","q26a",2025,0.5,1,0.943573558141903,1
"187","Education","q26c",2023,0.5,1,0.95764652014652,1
"188","Education","q26c",2024,0.5,1,0.976691473335418,1
"189","Education","q26c",2025,0.5,1,0.943573558141903,1
"190","Education","q2a",2023,0.5,1,0.95764652014652,1
"191","Education","q2a",2024,0.5,1,0.976691473335418,1
"192","Education","q2a",2025,0.5,1,0.943573558141903,1
"193","Education","q3i",2023,0.5,1,0.95764652014652,1
"194","Education","q3i",2024,0.5,1,0.976691473335418,1
"195","Education","q3i",2025,0.5,1,0.943573558141903,1
"196","Education","q4c",2023,0.5,1,0.95764652014652,1
"197","Education","q4c",2024,0.5,1,0.976691473335418,1
"198","Education","q4c",2025,0.5,1,0.943573558141903,1
"199","Education","q4d",2023,0.5,1,0.95764652014652,1
"200","Education","q4d",2024,0.5,1,0.976691473335418,1
"201","Education","q4d",2025,0.5,1,0.943573558141903,1
"202","Education","q5a",2023,0.5,1,0.95764652014652,1
"203","Education","q5a",2024,0.5,1,0.976691473335418,1
"204","Education","q5a",2025,0.5,1,0.943573558141903,1
"205","Education","q9a",2023,0.5,1,0.95764652014652,1
"206","Education","q9a",2024,0.5,1,0.976691473335418,1
"207","Education","q9a",2025,0.5,1,0.943573558141903,1
"208","Education","q9i",2023,0.5,1,0.95764652014652,1
"209","Education","q9i",2024,0.5,1,0.976691473335418,1
"210","Education","q9i",2025,0.5,1,0.943573558141903,1
"211","Hazardous Area Response Team","q11c",2023,0.818181818181818,0.959183673469388,0.938121838519578,0.975308641975309
"212","Hazardous Area Response Team","q11c",2024,0.9,0.931034482758621,0.934907662388991,0.980769230769231
"213","Hazardous Area Response Team","q11c",2025,0.91566265060241,0.960780598711633,0.964944280523232,1
"214","Hazardous Area Response Team","q21",2023,0.818181818181818,0.959183673469388,0.938121838519578,0.975308641975309
"215","Hazardous Area Response Team","q21",2024,0.9,0.931034482758621,0.934907662388991,0.980769230769231
"216","Hazardous Area Response Team","q21",2025,0.91566265060241,0.960780598711633,0.964944280523232,1
"217","Hazardous Area Response Team","q24d",2023,0.818181818181818,0.959183673469388,0.938121838519578,0.975308641975309
"218","Hazardous Area Response Team","q24d",2024,0.9,0.931034482758621,0.934907662388991,0.980769230769231
"219","Hazardous Area Response Team","q24d",2025,0.91566265060241,0.960780598711633,0.964944280523232,1
"220","Hazardous Area Response Team","q25d",2023,0.818181818181818,0.959183673469388,0.938121838519578,0.975308641975309
"221","Hazardous Area Response Team","q25d",2024,0.9,0.931034482758621,0.934907662388991,0.980769230769231
"222","Hazardous Area Response Team","q25d",2025,0.91566265060241,0.960780598711633,0.964944280523232,1
"223","Hazardous Area Response Team","q25f",2023,0.818181818181818,0.959183673469388,0.938121838519578,0.975308641975309
"224","Hazardous Area Response Team","q25f",2024,0.9,0.931034482758621,0.934907662388991,0.980769230769231
"225","Hazardous Area Response Team","q25f",2025,0.91566265060241,0.960780598711633,0.964944280523232,1
"226","Hazardous Area Response Team","q26a",2023,0.818181818181818,0.959183673469388,0.938121838519578,0.975308641975309
"227","Hazardous Area Response Team","q26a",2024,0.9,0.931034482758621,0.934907662388991,0.980769230769231
"228","Hazardous Area Response Team","q26a",2025,0.91566265060241,0.960780598711633,0.964944280523232,1
"229","Hazardous Area Response Team","q26c",2023,0.818181818181818,0.959183673469388,0.938121838519578,0.975308641975309
"230","Hazardous Area Response Team","q26c",2024,0.9,0.931034482758621,0.934907662388991,0.980769230769231
"231","Hazardous Area Response Team","q26c",2025,0.91566265060241,0.960780598711633,0.964944280523232,1
"232","Hazardous Area Response Team","q2a",2023,0.818181818181818,0.959183673469388,0.938121838519578,0.975308641975309
"233","Hazardous Area Response Team","q2a",2024,0.9,0.931034482758621,0.934907662388991,0.980769230769231
"234","Hazardous Area Response Team","q2a",2025,0.91566265060241,0.960780598711633,0.964944280523232,1
"235","Hazardous Area Response Team","q3i",2023,0.818181818181818,0.959183673469388,0.938121838519578,0.975308641975309
"236","Hazardous Area Response Team","q3i",2024,0.9,0.931034482758621,0.934907662388991,0.980769230769231
"237","Hazardous Area Response Team","q3i",2025,0.91566265060241,0.960780598711633,0.964944280523232,1
"238","Hazardous Area Response Team","q4c",2023,0.818181818181818,0.959183673469388,0.938121838519578,0.975308641975309
"239","Hazardous Area Response Team","q4c",2024,0.9,0.931034482758621,0.934907662388991,0.980769230769231
"240","Hazardous Area Response Team","q4c",2025,0.91566265060241,0.960780598711633,0.964944280523232,1
"241","Hazardous Area Response Team","q4d",2023,0.818181818181818,0.959183673469388,0.938121838519578,0.975308641975309
"242","Hazardous Area Response Team","q4d",2024,0.9,0.931034482758621,0.934907662388991,0.980769230769231
"243","Hazardous Area Response Team","q4d",2025,0.91566265060241,0.960780598711633,0.964944280523232,1
"244","Hazardous Area Response Team","q5a",2023,0.818181818181818,0.959183673469388,0.938121838519578,0.975308641975309
"245","Hazardous Area Response Team","q5a",2024,0.9,0.931034482758621,0.934907662388991,0.980769230769231
"246","Hazardous Area Response Team","q5a",2025,0.91566265060241,0.960780598711633,0.964944280523232,1
"247","Hazardous Area Response Team","q9a",2023,0.818181818181818,0.959183673469388,0.938121838519578,0.975308641975309
"248","Hazardous Area Response Team","q9a",2024,0.9,0.931034482758621,0.934907662388991,0.980769230769231
"249","Hazardous Area Response Team","q9a",2025,0.91566265060241,0.960780598711633,0.964944280523232,1
"250","Hazardous Area Response Team","q9i",2023,0.818181818181818,0.959183673469388,0.938121838519578,0.975308641975309
"251","Hazardous Area Response Team","q9i",2024,0.9,0.931034482758621,0.934907662388991,0.980769230769231
"252","Hazardous Area Response Team","q9i",2025,0.91566265060241,0.960780598711633,0.964944280523232,1
"253","Occupational Therapy","q11c",2023,0.25,0.812785388127854,0.799161816867017,1
"254","Occupational Therapy","q11c",2024,0.428571428571429,0.843223314606742,0.821389189442014,1
"255","Occupational Therapy","q11c",2025,0.612903225806452,0.849462365591398,0.83630018084774,1
"256","Occupational Therapy","q21",2023,0.25,0.812785388127854,0.799161816867017,1
"257","Occupational Therapy","q21",2024,0.428571428571429,0.843223314606742,0.821389189442014,1
"258","Occupational Therapy","q21",2025,0.612903225806452,0.849462365591398,0.83630018084774,1
"259","Occupational Therapy","q24d",2023,0.25,0.812785388127854,0.799161816867017,1
"260","Occupational Therapy","q24d",2024,0.428571428571429,0.843223314606742,0.821389189442014,1
"261","Occupational Therapy","q24d",2025,0.612903225806452,0.849462365591398,0.83630018084774,1
"262","Occupational Therapy","q25d",2023,0.25,0.812785388127854,0.799161816867017,1
"263","Occupational Therapy","q25d",2024,0.428571428571429,0.843223314606742,0.821389189442014,1
"264","Occupational Therapy","q25d",2025,0.612903225806452,0.849462365591398,0.83630018084774,1
"265","Occupational Therapy","q25f",2023,0.25,0.812785388127854,0.799161816867017,1
"266","Occupational Therapy","q25f",2024,0.428571428571429,0.843223314606742,0.821389189442014,1
"267","Occupational Therapy","q25f",2025,0.612903225806452,0.849462365591398,0.83630018084774,1
"268","Occupational Therapy","q26a",2023,0.25,0.812785388127854,0.799161816867017,1
"269","Occupational Therapy","q26a",2024,0.428571428571429,0.843223314606742,0.821389189442014,1
"270","Occupational Therapy","q26a",2025,0.612903225806452,0.849462365591398,0.83630018084774,1
"271","Occupational Therapy","q26c",2023,0.25,0.812785388127854,0.799161816867017,1
"272","Occupational Therapy","q26c",2024,0.428571428571429,0.843223314606742,0.821389189442014,1
"273","Occupational Therapy","q26c",2025,0.612903225806452,0.849462365591398,0.83630018084774,1
"274","Occupational Therapy","q2a",2023,0.25,0.812785388127854,0.799161816867017,1
"275","Occupational Therapy","q2a",2024,0.428571428571429,0.843223314606742,0.821389189442014,1
"276","Occupational Therapy","q2a",2025,0.612903225806452,0.849462365591398,0.83630018084774,1
"277","Occupational Therapy","q3i",2023,0.25,0.812785388127854,0.799161816867017,1
"278","Occupational Therapy","q3i",2024,0.428571428571429,0.843223314606742,0.821389189442014,1
"279","Occupational Therapy","q3i",2025,0.612903225806452,0.849462365591398,0.83630018084774,1
"280","Occupational Therapy","q4c",2023,0.25,0.812785388127854,0.799161816867017,1
"281","Occupational Therapy","q4c",2024,0.428571428571429,0.843223314606742,0.821389189442014,1
"282","Occupational Therapy","q4c",2025,0.612903225806452,0.849462365591398,0.83630018084774,1
"283","Occupational Therapy","q4d",2023,0.25,0.812785388127854,0.799161816867017,1
"284","Occupational Therapy","q4d",2024,0.428571428571429,0.843223314606742,0.821389189442014,1
"285","Occupational Therapy","q4d",2025,0.612903225806452,0.849462365591398,0.83630018084774,1
"286","Occupational Therapy","q5a",2023,0.25,0.812785388127854,0.799161816867017,1
"287","Occupational Therapy","q5a",2024,0.428571428571429,0.843223314606742,0.821389189442014,1
"288","Occupational Therapy","q5a",2025,0.612903225806452,0.849462365591398,0.83630018084774,1
"289","Occupational Therapy","q9a",2023,0.25,0.812785388127854,0.799161816867017,1
"290","Occupational Therapy","q9a",2024,0.428571428571429,0.843223314606742,0.821389189442014,1
"291","Occupational Therapy","q9a",2025,0.612903225806452,0.849462365591398,0.83630018084774,1
"292","Occupational Therapy","q9i",2023,0.25,0.812785388127854,0.799161816867017,1
"293","Occupational Therapy","q9i",2024,0.428571428571429,0.843223314606742,0.821389189442014,1
"294","Occupational Therapy","q9i",2025,0.612903225806452,0.849462365591398,0.83630018084774,1
"295","Operating Theatres","q11c",2023,0.571428571428571,0.881770529994176,0.877337941375864,1
"296","Operating Theatres","q11c",2024,0.333333333333333,0.901515151515151,0.897517038350724,1
"297","Operating Theatres","q11c",2025,0.5,0.92156862745098,0.908033969855013,1
"298","Operating Theatres","q21",2023,0.571428571428571,0.881770529994176,0.877337941375864,1
"299","Operating Theatres","q21",2024,0.333333333333333,0.901515151515151,0.897517038350724,1
"300","Operating Theatres","q21",2025,0.5,0.92156862745098,0.908033969855013,1
"301","Operating Theatres","q24d",2023,0.571428571428571,0.881770529994176,0.877337941375864,1
"302","Operating Theatres","q24d",2024,0.333333333333333,0.901515151515151,0.897517038350724,1
"303","Operating Theatres","q24d",2025,0.5,0.92156862745098,0.908033969855013,1
"304","Operating Theatres","q25d",2023,0.571428571428571,0.881770529994176,0.877337941375864,1
"305","Operating Theatres","q25d",2024,0.333333333333333,0.901515151515151,0.897517038350724,1
"306","Operating Theatres","q25d",2025,0.5,0.92156862745098,0.908033969855013,1
"307","Operating Theatres","q25f",2023,0.571428571428571,0.881770529994176,0.877337941375864,1
"308","Operating Theatres","q25f",2024,0.333333333333333,0.901515151515151,0.897517038350724,1
"309","Operating Theatres","q25f",2025,0.5,0.92156862745098,0.908033969855013,1
"310","Operating Theatres","q26a",2023,0.571428571428571,0.881770529994176,0.877337941375864,1
"311","Operating Theatres","q26a",2024,0.333333333333333,0.901515151515151,0.897517038350724,1
"312","Operating Theatres","q26a",2025,0.5,0.92156862745098,0.908033969855013,1
"313","Operating Theatres","q26c",2023,0.571428571428571,0.881770529994176,0.877337941375864,1
"314","Operating Theatres","q26c",2024,0.333333333333333,0.901515151515151,0.897517038350724,1
"315","Operating Theatres","q26c",2025,0.5,0.92156862745098,0.908033969855013,1
"316","Operating Theatres","q2a",2023,0.571428571428571,0.881770529994176,0.877337941375864,1
"317","Operating Theatres","q2a",2024,0.333333333333333,0.901515151515151,0.897517038350724,1
"318","Operating Theatres","q2a",2025,0.5,0.92156862745098,0.908033969855013,1
"319","Operating Theatres","q3i",2023,0.571428571428571,0.881770529994176,0.877337941375864,1
"320","Operating Theatres","q3i",2024,0.333333333333333,0.901515151515151,0.897517038350724,1
"321","Operating Theatres","q3i",2025,0.5,0.92156862745098,0.908033969855013,1
"322","Operating Theatres","q4c",2023,0.571428571428571,0.881770529994176,0.877337941375864,1
"323","Operating Theatres","q4c",2024,0.333333333333333,0.901515151515151,0.897517038350724,1
"324","Operating Theatres","q4c",2025,0.5,0.92156862745098,0.908033969855013,1
"325","Operating Theatres","q4d",2023,0.571428571428571,0.881770529994176,0.877337941375864,1
"326","Operating Theatres","q4d",2024,0.333333333333333,0.901515151515151,0.897517038350724,1
"327","Operating Theatres","q4d",2025,0.5,0.92156862745098,0.908033969855013,1
"328","Operating Theatres","q5a",2023,0.571428571428571,0.881770529994176,0.877337941375864,1
"329","Operating Theatres","q5a",2024,0.333333333333333,0.901515151515151,0.897517038350724,1
"330","Operating Theatres","q5a",2025,0.5,0.92156862745098,0.908033969855013,1
"331","Operating Theatres","q9a",2023,0.571428571428571,0.881770529994176,0.877337941375864,1
"332","Operating Theatres","q9a",2024,0.333333333333333,0.901515151515151,0.897517038350724,1
"333","Operating Theatres","q9a",2025,0.5,0.92156862745098,0.908033969855013,1
"334","Operating Theatres","q9i",2023,0.571428571428571,0.881770529994176,0.877337941375864,1
"335","Operating Theatres","q9i",2024,0.333333333333333,0.901515151515151,0.897517038350724,1
"336","Operating Theatres","q9i",2025,0.5,0.92156862745098,0.908033969855013,1
"337","Orthoptics","q11c",2025,Inf,NA,NA,-Inf
"338","Orthoptics","q21",2025,Inf,NA,NA,-Inf
"339","Orthoptics","q24d",2025,Inf,NA,NA,-Inf
"340","Orthoptics","q25d",2025,Inf,NA,NA,-Inf
"341","Orthoptics","q25f",2025,Inf,NA,NA,-Inf
"342","Orthoptics","q26a",2025,Inf,NA,NA,-Inf
"343","Orthoptics","q26c",2025,Inf,NA,NA,-Inf
"344","Orthoptics","q2a",2025,Inf,NA,NA,-Inf
"345","Orthoptics","q3i",2025,Inf,NA,NA,-Inf
"346","Orthoptics","q4c",2025,Inf,NA,NA,-Inf
"347","Orthoptics","q4d",2025,Inf,NA,NA,-Inf
"348","Orthoptics","q5a",2025,Inf,NA,NA,-Inf
"349","Orthoptics","q9a",2025,Inf,NA,NA,-Inf
"350","Orthoptics","q9i",2025,Inf,NA,NA,-Inf
"351","Orthoptics / Optics","q11c",2023,0.5,0.844444444444444,0.844032128355815,1
"352","Orthoptics / Optics","q11c",2024,0.333333333333333,0.84860883797054,0.838126412468086,1
"353","Orthoptics / Optics","q11c",2025,0.2,0.864864864864865,0.843691220000984,1
"354","Orthoptics / Optics","q21",2023,0.5,0.844444444444444,0.844032128355815,1
"355","Orthoptics / Optics","q21",2024,0.333333333333333,0.84860883797054,0.838126412468086,1
"356","Orthoptics / Optics","q21",2025,0.2,0.864864864864865,0.843691220000984,1
"357","Orthoptics / Optics","q24d",2023,0.5,0.844444444444444,0.844032128355815,1
"358","Orthoptics / Optics","q24d",2024,0.333333333333333,0.84860883797054,0.838126412468086,1
"359","Orthoptics / Optics","q24d",2025,0.2,0.864864864864865,0.843691220000984,1
"360","Orthoptics / Optics","q25d",2023,0.5,0.844444444444444,0.844032128355815,1
"361","Orthoptics / Optics","q25d",2024,0.333333333333333,0.84860883797054,0.838126412468086,1
"362","Orthoptics / Optics","q25d",2025,0.2,0.864864864864865,0.843691220000984,1
"363","Orthoptics / Optics","q25f",2023,0.5,0.844444444444444,0.844032128355815,1
"364","Orthoptics / Optics","q25f",2024,0.333333333333333,0.84860883797054,0.838126412468086,1
"365","Orthoptics / Optics","q25f",2025,0.2,0.864864864864865,0.843691220000984,1
"366","Orthoptics / Optics","q26a",2023,0.5,0.844444444444444,0.844032128355815,1
"367","Orthoptics / Optics","q26a",2024,0.333333333333333,0.84860883797054,0.838126412468086,1
"368","Orthoptics / Optics","q26a",2025,0.2,0.864864864864865,0.843691220000984,1
"369","Orthoptics / Optics","q26c",2023,0.5,0.844444444444444,0.844032128355815,1
"370","Orthoptics / Optics","q26c",2024,0.333333333333333,0.84860883797054,0.838126412468086,1
"371","Orthoptics / Optics","q26c",2025,0.2,0.864864864864865,0.843691220000984,1
"372","Orthoptics / Optics","q2a",2023,0.5,0.844444444444444,0.844032128355815,1
"373","Orthoptics / Optics","q2a",2024,0.333333333333333,0.84860883797054,0.838126412468086,1
"374","Orthoptics / Optics","q2a",2025,0.2,0.864864864864865,0.843691220000984,1
"375","Orthoptics / Optics","q3i",2023,0.5,0.844444444444444,0.844032128355815,1
"376","Orthoptics / Optics","q3i",2024,0.333333333333333,0.84860883797054,0.838126412468086,1
"377","Orthoptics / Optics","q3i",2025,0.2,0.864864864864865,0.843691220000984,1
"378","Orthoptics / Optics","q4c",2023,0.5,0.844444444444444,0.844032128355815,1
"379","Orthoptics / Optics","q4c",2024,0.333333333333333,0.84860883797054,0.838126412468086,1
"380","Orthoptics / Optics","q4c",2025,0.2,0.864864864864865,0.843691220000984,1
"381","Orthoptics / Optics","q4d",2023,0.5,0.844444444444444,0.844032128355815,1
"382","Orthoptics / Optics","q4d",2024,0.333333333333333,0.84860883797054,0.838126412468086,1
"383","Orthoptics / Optics","q4d",2025,0.2,0.864864864864865,0.843691220000984,1
"384","Orthoptics / Optics","q5a",2023,0.5,0.844444444444444,0.844032128355815,1
"385","Orthoptics / Optics","q5a",2024,0.333333333333333,0.84860883797054,0.838126412468086,1
"386","Orthoptics / Optics","q5a",2025,0.2,0.864864864864865,0.843691220000984,1
"387","Orthoptics / Optics","q9a",2023,0.5,0.844444444444444,0.844032128355815,1
"388","Orthoptics / Optics","q9a",2024,0.333333333333333,0.84860883797054,0.838126412468086,1
"389","Orthoptics / Optics","q9a",2025,0.2,0.864864864864865,0.843691220000984,1
"390","Orthoptics / Optics","q9i",2023,0.5,0.844444444444444,0.844032128355815,1
"391","Orthoptics / Optics","q9i",2024,0.333333333333333,0.84860883797054,0.838126412468086,1
"392","Orthoptics / Optics","q9i",2025,0.2,0.864864864864865,0.843691220000984,1
"393","Osteopathy","q11c",2023,1,1,1,1
"394","Osteopathy","q11c",2024,0.5,1,0.913492063492063,1
"395","Osteopathy","q11c",2025,0.5,0.909090909090909,0.827272727272727,1
"396","Osteopathy","q21",2023,1,1,1,1
"397","Osteopathy","q21",2024,0.5,1,0.913492063492063,1
"398","Osteopathy","q21",2025,0.5,0.909090909090909,0.827272727272727,1
"399","Osteopathy","q24d",2023,1,1,1,1
"400","Osteopathy","q24d",2024,0.5,1,0.913492063492063,1
"401","Osteopathy","q24d",2025,0.5,0.909090909090909,0.827272727272727,1
"402","Osteopathy","q25d",2023,1,1,1,1
"403","Osteopathy","q25d",2024,0.5,1,0.913492063492063,1
"404","Osteopathy","q25d",2025,0.5,0.909090909090909,0.827272727272727,1
"405","Osteopathy","q25f",2023,1,1,1,1
"406","Osteopathy","q25f",2024,0.5,1,0.913492063492063,1
"407","Osteopathy","q25f",2025,0.5,0.909090909090909,0.827272727272727,1
"408","Osteopathy","q26a",2023,1,1,1,1
"409","Osteopathy","q26a",2024,0.5,1,0.913492063492063,1
"410","Osteopathy","q26a",2025,0.5,0.909090909090909,0.827272727272727,1
"411","Osteopathy","q26c",2023,1,1,1,1
"412","Osteopathy","q26c",2024,0.5,1,0.913492063492063,1
"413","Osteopathy","q26c",2025,0.5,0.909090909090909,0.827272727272727,1
"414","Osteopathy","q2a",2023,1,1,1,1
"415","Osteopathy","q2a",2024,0.5,1,0.913492063492063,1
"416","Osteopathy","q2a",2025,0.5,0.909090909090909,0.827272727272727,1
"417","Osteopathy","q3i",2023,1,1,1,1
"418","Osteopathy","q3i",2024,0.5,1,0.913492063492063,1
"419","Osteopathy","q3i",2025,0.5,0.909090909090909,0.827272727272727,1
"420","Osteopathy","q4c",2023,1,1,1,1
"421","Osteopathy","q4c",2024,0.5,1,0.913492063492063,1
"422","Osteopathy","q4c",2025,0.5,0.909090909090909,0.827272727272727,1
"423","Osteopathy","q4d",2023,1,1,1,1
"424","Osteopathy","q4d",2024,0.5,1,0.913492063492063,1
"425","Osteopathy","q4d",2025,0.5,0.909090909090909,0.827272727272727,1
"426","Osteopathy","q5a",2023,1,1,1,1
"427","Osteopathy","q5a",2024,0.5,1,0.913492063492063,1
"428","Osteopathy","q5a",2025,0.5,0.909090909090909,0.827272727272727,1
"429","Osteopathy","q9a",2023,1,1,1,1
"430","Osteopathy","q9a",2024,0.5,1,0.913492063492063,1
"431","Osteopathy","q9a",2025,0.5,0.909090909090909,0.827272727272727,1
"432","Osteopathy","q9i",2023,1,1,1,1
"433","Osteopathy","q9i",2024,0.5,1,0.913492063492063,1
"434","Osteopathy","q9i",2025,0.5,0.909090909090909,0.827272727272727,1
"435","Patient Transport Service","q11c",2023,0.8,1,0.933333333333333,1
"436","Patient Transport Service","q11c",2024,0.333333333333333,0.833333333333333,0.722222222222222,1
"437","Patient Transport Service","q11c",2025,0.5,0.925,0.8375,1
"438","Patient Transport Service","q21",2023,0.8,1,0.933333333333333,1
"439","Patient Transport Service","q21",2024,0.333333333333333,0.833333333333333,0.722222222222222,1
"440","Patient Transport Service","q21",2025,0.5,0.925,0.8375,1
"441","Patient Transport Service","q24d",2023,0.8,1,0.933333333333333,1
"442","Patient Transport Service","q24d",2024,0.333333333333333,0.833333333333333,0.722222222222222,1
"443","Patient Transport Service","q24d",2025,0.5,0.925,0.8375,1
"444","Patient Transport Service","q25d",2023,0.8,1,0.933333333333333,1
"445","Patient Transport Service","q25d",2024,0.333333333333333,0.833333333333333,0.722222222222222,1
"446","Patient Transport Service","q25d",2025,0.5,0.925,0.8375,1
"447","Patient Transport Service","q25f",2023,0.8,1,0.933333333333333,1
"448","Patient Transport Service","q25f",2024,0.333333333333333,0.833333333333333,0.722222222222222,1
"449","Patient Transport Service","q25f",2025,0.5,0.925,0.8375,1
"450","Patient Transport Service","q26a",2023,0.8,1,0.933333333333333,1
"451","Patient Transport Service","q26a",2024,0.333333333333333,0.833333333333333,0.722222222222222,1
"452","Patient Transport Service","q26a",2025,0.5,0.925,0.8375,1
"453","Patient Transport Service","q26c",2023,0.8,1,0.933333333333333,1
"454","Patient Transport Service","q26c",2024,0.333333333333333,0.833333333333333,0.722222222222222,1
"455","Patient Transport Service","q26c",2025,0.5,0.925,0.8375,1
"456","Patient Transport Service","q2a",2023,0.8,1,0.933333333333333,1
"457","Patient Transport Service","q2a",2024,0.333333333333333,0.833333333333333,0.722222222222222,1
"458","Patient Transport Service","q2a",2025,0.5,0.925,0.8375,1
"459","Patient Transport Service","q3i",2023,0.8,1,0.933333333333333,1
"460","Patient Transport Service","q3i",2024,0.333333333333333,0.833333333333333,0.722222222222222,1
"461","Patient Transport Service","q3i",2025,0.5,0.925,0.8375,1
"462","Patient Transport Service","q4c",2023,0.8,1,0.933333333333333,1
"463","Patient Transport Service","q4c",2024,0.333333333333333,0.833333333333333,0.722222222222222,1
"464","Patient Transport Service","q4c",2025,0.5,0.925,0.8375,1
"465","Patient Transport Service","q4d",2023,0.8,1,0.933333333333333,1
"466","Patient Transport Service","q4d",2024,0.333333333333333,0.833333333333333,0.722222222222222,1
"467","Patient Transport Service","q4d",2025,0.5,0.925,0.8375,1
"468","Patient Transport Service","q5a",2023,0.8,1,0.933333333333333,1
"469","Patient Transport Service","q5a",2024,0.333333333333333,0.833333333333333,0.722222222222222,1
"470","Patient Transport Service","q5a",2025,0.5,0.925,0.8375,1
"471","Patient Transport Service","q9a",2023,0.8,1,0.933333333333333,1
"472","Patient Transport Service","q9a",2024,0.333333333333333,0.833333333333333,0.722222222222222,1
"473","Patient Transport Service","q9a",2025,0.5,0.925,0.8375,1
"474","Patient Transport Service","q9i",2023,0.8,1,0.933333333333333,1
"475","Patient Transport Service","q9i",2024,0.333333333333333,0.833333333333333,0.722222222222222,1
"476","Patient Transport Service","q9i",2025,0.5,0.925,0.8375,1
"477","Physiotherapy","q11c",2023,0.571428571428571,0.812789115646259,0.808314475290665,1
"478","Physiotherapy","q11c",2024,0.021505376344086,0.84879924162629,0.834622684061981,1
"479","Physiotherapy","q11c",2025,0.0909090909090909,0.855719666931007,0.844200978087552,1
"480","Physiotherapy","q21",2023,0.571428571428571,0.812789115646259,0.808314475290665,1
"481","Physiotherapy","q21",2024,0.021505376344086,0.84879924162629,0.834622684061981,1
"482","Physiotherapy","q21",2025,0.0909090909090909,0.855719666931007,0.844200978087552,1
"483","Physiotherapy","q24d",2023,0.571428571428571,0.812789115646259,0.808314475290665,1
"484","Physiotherapy","q24d",2024,0.021505376344086,0.84879924162629,0.834622684061981,1
"485","Physiotherapy","q24d",2025,0.0909090909090909,0.855719666931007,0.844200978087552,1
"486","Physiotherapy","q25d",2023,0.571428571428571,0.812789115646259,0.808314475290665,1
"487","Physiotherapy","q25d",2024,0.021505376344086,0.84879924162629,0.834622684061981,1
"488","Physiotherapy","q25d",2025,0.0909090909090909,0.855719666931007,0.844200978087552,1
"489","Physiotherapy","q25f",2023,0.571428571428571,0.812789115646259,0.808314475290665,1
"490","Physiotherapy","q25f",2024,0.021505376344086,0.84879924162629,0.834622684061981,1
"491","Physiotherapy","q25f",2025,0.0909090909090909,0.855719666931007,0.844200978087552,1
"492","Physiotherapy","q26a",2023,0.571428571428571,0.812789115646259,0.808314475290665,1
"493","Physiotherapy","q26a",2024,0.021505376344086,0.84879924162629,0.834622684061981,1
"494","Physiotherapy","q26a",2025,0.0909090909090909,0.855719666931007,0.844200978087552,1
"495","Physiotherapy","q26c",2023,0.571428571428571,0.812789115646259,0.808314475290665,1
"496","Physiotherapy","q26c",2024,0.021505376344086,0.84879924162629,0.834622684061981,1
"497","Physiotherapy","q26c",2025,0.0909090909090909,0.855719666931007,0.844200978087552,1
"498","Physiotherapy","q2a",2023,0.571428571428571,0.812789115646259,0.808314475290665,1
"499","Physiotherapy","q2a",2024,0.021505376344086,0.84879924162629,0.834622684061981,1
"500","Physiotherapy","q2a",2025,0.0909090909090909,0.855719666931007,0.844200978087552,1
"501","Physiotherapy","q3i",2023,0.571428571428571,0.812789115646259,0.808314475290665,1
"502","Physiotherapy","q3i",2024,0.021505376344086,0.84879924162629,0.834622684061981,1
"503","Physiotherapy","q3i",2025,0.0909090909090909,0.855719666931007,0.844200978087552,1
"504","Physiotherapy","q4c",2023,0.571428571428571,0.812789115646259,0.808314475290665,1
"505","Physiotherapy","q4c",2024,0.021505376344086,0.84879924162629,0.834622684061981,1
"506","Physiotherapy","q4c",2025,0.0909090909090909,0.855719666931007,0.844200978087552,1
"507","Physiotherapy","q4d",2023,0.571428571428571,0.812789115646259,0.808314475290665,1
"508","Physiotherapy","q4d",2024,0.021505376344086,0.84879924162629,0.834622684061981,1
"509","Physiotherapy","q4d",2025,0.0909090909090909,0.855719666931007,0.844200978087552,1
"510","Physiotherapy","q5a",2023,0.571428571428571,0.812789115646259,0.808314475290665,1
"511","Physiotherapy","q5a",2024,0.021505376344086,0.84879924162629,0.834622684061981,1
"512","Physiotherapy","q5a",2025,0.0909090909090909,0.855719666931007,0.844200978087552,1
"513","Physiotherapy","q9a",2023,0.571428571428571,0.812789115646259,0.808314475290665,1
"514","Physiotherapy","q9a",2024,0.021505376344086,0.84879924162629,0.834622684061981,1
"515","Physiotherapy","q9a",2025,0.0909090909090909,0.855719666931007,0.844200978087552,1
"516","Physiotherapy","q9i",2023,0.571428571428571,0.812789115646259,0.808314475290665,1
"517","Physiotherapy","q9i",2024,0.021505376344086,0.84879924162629,0.834622684061981,1
"518","Physiotherapy","q9i",2025,0.0909090909090909,0.855719666931007,0.844200978087552,1
"519","Prosthetics and Orthotics","q11c",2023,0.333333333333333,1,0.865812807881773,1
"520","Prosthetics and Orthotics","q11c",2024,0.333333333333333,1,0.892412217412217,1
"521","Prosthetics and Orthotics","q11c",2025,0.5,1,0.918037898920252,1
"522","Prosthetics and Orthotics","q21",2023,0.333333333333333,1,0.865812807881773,1
"523","Prosthetics and Orthotics","q21",2024,0.333333333333333,1,0.892412217412217,1
"524","Prosthetics and Orthotics","q21",2025,0.5,1,0.918037898920252,1
"525","Prosthetics and Orthotics","q24d",2023,0.333333333333333,1,0.865812807881773,1
"526","Prosthetics and Orthotics","q24d",2024,0.333333333333333,1,0.892412217412217,1
"527","Prosthetics and Orthotics","q24d",2025,0.5,1,0.918037898920252,1
"528","Prosthetics and Orthotics","q25d",2023,0.333333333333333,1,0.865812807881773,1
"529","Prosthetics and Orthotics","q25d",2024,0.333333333333333,1,0.892412217412217,1
"530","Prosthetics and Orthotics","q25d",2025,0.5,1,0.918037898920252,1
"531","Prosthetics and Orthotics","q25f",2023,0.333333333333333,1,0.865812807881773,1
"532","Prosthetics and Orthotics","q25f",2024,0.333333333333333,1,0.892412217412217,1
"533","Prosthetics and Orthotics","q25f",2025,0.5,1,0.918037898920252,1
"534","Prosthetics and Orthotics","q26a",2023,0.333333333333333,1,0.865812807881773,1
"535","Prosthetics and Orthotics","q26a",2024,0.333333333333333,1,0.892412217412217,1
"536","Prosthetics and Orthotics","q26a",2025,0.5,1,0.918037898920252,1
"537","Prosthetics and Orthotics","q26c",2023,0.333333333333333,1,0.865812807881773,1
"538","Prosthetics and Orthotics","q26c",2024,0.333333333333333,1,0.892412217412217,1
"539","Prosthetics and Orthotics","q26c",2025,0.5,1,0.918037898920252,1
"540","Prosthetics and Orthotics","q2a",2023,0.333333333333333,1,0.865812807881773,1
"541","Prosthetics and Orthotics","q2a",2024,0.333333333333333,1,0.892412217412217,1
"542","Prosthetics and Orthotics","q2a",2025,0.5,1,0.918037898920252,1
"543","Prosthetics and Orthotics","q3i",2023,0.333333333333333,1,0.865812807881773,1
"544","Prosthetics and Orthotics","q3i",2024,0.333333333333333,1,0.892412217412217,1
"545","Prosthetics and Orthotics","q3i",2025,0.5,1,0.918037898920252,1
"546","Prosthetics and Orthotics","q4c",2023,0.333333333333333,1,0.865812807881773,1
"547","Prosthetics and Orthotics","q4c",2024,0.333333333333333,1,0.892412217412217,1
"548","Prosthetics and Orthotics","q4c",2025,0.5,1,0.918037898920252,1
"549","Prosthetics and Orthotics","q4d",2023,0.333333333333333,1,0.865812807881773,1
"550","Prosthetics and Orthotics","q4d",2024,0.333333333333333,1,0.892412217412217,1
"551","Prosthetics and Orthotics","q4d",2025,0.5,1,0.918037898920252,1
"552","Prosthetics and Orthotics","q5a",2023,0.333333333333333,1,0.865812807881773,1
"553","Prosthetics and Orthotics","q5a",2024,0.333333333333333,1,0.892412217412217,1
"554","Prosthetics and Orthotics","q5a",2025,0.5,1,0.918037898920252,1
"555","Prosthetics and Orthotics","q9a",2023,0.333333333333333,1,0.865812807881773,1
"556","Prosthetics and Orthotics","q9a",2024,0.333333333333333,1,0.892412217412217,1
"557","Prosthetics and Orthotics","q9a",2025,0.5,1,0.918037898920252,1
"558","Prosthetics and Orthotics","q9i",2023,0.333333333333333,1,0.865812807881773,1
"559","Prosthetics and Orthotics","q9i",2024,0.333333333333333,1,0.892412217412217,1
"560","Prosthetics and Orthotics","q9i",2025,0.5,1,0.918037898920252,1
"561","Radiography (diagnostic)","q11c",2023,0.666666666666667,0.862068965517241,0.859538091531621,1
"562","Radiography (diagnostic)","q11c",2024,0.5,0.886554621848739,0.878774737983028,1
"563","Radiography (diagnostic)","q11c",2025,0.642857142857143,0.896729470316388,0.887553692001586,1
"564","Radiography (diagnostic)","q21",2023,0.666666666666667,0.862068965517241,0.859538091531621,1
"565","Radiography (diagnostic)","q21",2024,0.5,0.886554621848739,0.878774737983028,1
"566","Radiography (diagnostic)","q21",2025,0.642857142857143,0.896729470316388,0.887553692001586,1
"567","Radiography (diagnostic)","q24d",2023,0.666666666666667,0.862068965517241,0.859538091531621,1
"568","Radiography (diagnostic)","q24d",2024,0.5,0.886554621848739,0.878774737983028,1
"569","Radiography (diagnostic)","q24d",2025,0.642857142857143,0.896729470316388,0.887553692001586,1
"570","Radiography (diagnostic)","q25d",2023,0.666666666666667,0.862068965517241,0.859538091531621,1
"571","Radiography (diagnostic)","q25d",2024,0.5,0.886554621848739,0.878774737983028,1
"572","Radiography (diagnostic)","q25d",2025,0.642857142857143,0.896729470316388,0.887553692001586,1
"573","Radiography (diagnostic)","q25f",2023,0.666666666666667,0.862068965517241,0.859538091531621,1
"574","Radiography (diagnostic)","q25f",2024,0.5,0.886554621848739,0.878774737983028,1
"575","Radiography (diagnostic)","q25f",2025,0.642857142857143,0.896729470316388,0.887553692001586,1
"576","Radiography (diagnostic)","q26a",2023,0.666666666666667,0.862068965517241,0.859538091531621,1
"577","Radiography (diagnostic)","q26a",2024,0.5,0.886554621848739,0.878774737983028,1
"578","Radiography (diagnostic)","q26a",2025,0.642857142857143,0.896729470316388,0.887553692001586,1
"579","Radiography (diagnostic)","q26c",2023,0.666666666666667,0.862068965517241,0.859538091531621,1
"580","Radiography (diagnostic)","q26c",2024,0.5,0.886554621848739,0.878774737983028,1
"581","Radiography (diagnostic)","q26c",2025,0.642857142857143,0.896729470316388,0.887553692001586,1
"582","Radiography (diagnostic)","q2a",2023,0.666666666666667,0.862068965517241,0.859538091531621,1
"583","Radiography (diagnostic)","q2a",2024,0.5,0.886554621848739,0.878774737983028,1
"584","Radiography (diagnostic)","q2a",2025,0.642857142857143,0.896729470316388,0.887553692001586,1
"585","Radiography (diagnostic)","q3i",2023,0.666666666666667,0.862068965517241,0.859538091531621,1
"586","Radiography (diagnostic)","q3i",2024,0.5,0.886554621848739,0.878774737983028,1
"587","Radiography (diagnostic)","q3i",2025,0.642857142857143,0.896729470316388,0.887553692001586,1
"588","Radiography (diagnostic)","q4c",2023,0.666666666666667,0.862068965517241,0.859538091531621,1
"589","Radiography (diagnostic)","q4c",2024,0.5,0.886554621848739,0.878774737983028,1
"590","Radiography (diagnostic)","q4c",2025,0.642857142857143,0.896729470316388,0.887553692001586,1
"591","Radiography (diagnostic)","q4d",2023,0.666666666666667,0.862068965517241,0.859538091531621,1
"592","Radiography (diagnostic)","q4d",2024,0.5,0.886554621848739,0.878774737983028,1
"593","Radiography (diagnostic)","q4d",2025,0.642857142857143,0.896729470316388,0.887553692001586,1
"594","Radiography (diagnostic)","q5a",2023,0.666666666666667,0.862068965517241,0.859538091531621,1
"595","Radiography (diagnostic)","q5a",2024,0.5,0.886554621848739,0.878774737983028,1
"596","Radiography (diagnostic)","q5a",2025,0.642857142857143,0.896729470316388,0.887553692001586,1
"597","Radiography (diagnostic)","q9a",2023,0.666666666666667,0.862068965517241,0.859538091531621,1
"598","Radiography (diagnostic)","q9a",2024,0.5,0.886554621848739,0.878774737983028,1
"599","Radiography (diagnostic)","q9a",2025,0.642857142857143,0.896729470316388,0.887553692001586,1
"600","Radiography (diagnostic)","q9i",2023,0.666666666666667,0.862068965517241,0.859538091531621,1
"601","Radiography (diagnostic)","q9i",2024,0.5,0.886554621848739,0.878774737983028,1
"602","Radiography (diagnostic)","q9i",2025,0.642857142857143,0.896729470316388,0.887553692001586,1
"603","Radiography (therapeutic)","q11c",2023,0.68,0.869047619047619,0.874903002210321,1
"604","Radiography (therapeutic)","q11c",2024,0.75,0.884615384615385,0.89887661000869,1
"605","Radiography (therapeutic)","q11c",2025,0.759398496240602,0.886304909560723,0.895076363425943,1
"606","Radiography (therapeutic)","q21",2023,0.68,0.869047619047619,0.874903002210321,1
"607","Radiography (therapeutic)","q21",2024,0.75,0.884615384615385,0.89887661000869,1
"608","Radiography (therapeutic)","q21",2025,0.759398496240602,0.886304909560723,0.895076363425943,1
"609","Radiography (therapeutic)","q24d",2023,0.68,0.869047619047619,0.874903002210321,1
"610","Radiography (therapeutic)","q24d",2024,0.75,0.884615384615385,0.89887661000869,1
"611","Radiography (therapeutic)","q24d",2025,0.759398496240602,0.886304909560723,0.895076363425943,1
"612","Radiography (therapeutic)","q25d",2023,0.68,0.869047619047619,0.874903002210321,1
"613","Radiography (therapeutic)","q25d",2024,0.75,0.884615384615385,0.89887661000869,1
"614","Radiography (therapeutic)","q25d",2025,0.759398496240602,0.886304909560723,0.895076363425943,1
"615","Radiography (therapeutic)","q25f",2023,0.68,0.869047619047619,0.874903002210321,1
"616","Radiography (therapeutic)","q25f",2024,0.75,0.884615384615385,0.89887661000869,1
"617","Radiography (therapeutic)","q25f",2025,0.759398496240602,0.886304909560723,0.895076363425943,1
"618","Radiography (therapeutic)","q26a",2023,0.68,0.869047619047619,0.874903002210321,1
"619","Radiography (therapeutic)","q26a",2024,0.75,0.884615384615385,0.89887661000869,1
"620","Radiography (therapeutic)","q26a",2025,0.759398496240602,0.886304909560723,0.895076363425943,1
"621","Radiography (therapeutic)","q26c",2023,0.68,0.869047619047619,0.874903002210321,1
"622","Radiography (therapeutic)","q26c",2024,0.75,0.884615384615385,0.89887661000869,1
"623","Radiography (therapeutic)","q26c",2025,0.759398496240602,0.886304909560723,0.895076363425943,1
"624","Radiography (therapeutic)","q2a",2023,0.68,0.869047619047619,0.874903002210321,1
"625","Radiography (therapeutic)","q2a",2024,0.75,0.884615384615385,0.89887661000869,1
"626","Radiography (therapeutic)","q2a",2025,0.759398496240602,0.886304909560723,0.895076363425943,1
"627","Radiography (therapeutic)","q3i",2023,0.68,0.869047619047619,0.874903002210321,1
"628","Radiography (therapeutic)","q3i",2024,0.75,0.884615384615385,0.89887661000869,1
"629","Radiography (therapeutic)","q3i",2025,0.759398496240602,0.886304909560723,0.895076363425943,1
"630","Radiography (therapeutic)","q4c",2023,0.68,0.869047619047619,0.874903002210321,1
"631","Radiography (therapeutic)","q4c",2024,0.75,0.884615384615385,0.89887661000869,1
"632","Radiography (therapeutic)","q4c",2025,0.759398496240602,0.886304909560723,0.895076363425943,1
"633","Radiography (therapeutic)","q4d",2023,0.68,0.869047619047619,0.874903002210321,1
"634","Radiography (therapeutic)","q4d",2024,0.75,0.884615384615385,0.89887661000869,1
"635","Radiography (therapeutic)","q4d",2025,0.759398496240602,0.886304909560723,0.895076363425943,1
"636","Radiography (therapeutic)","q5a",2023,0.68,0.869047619047619,0.874903002210321,1
"637","Radiography (therapeutic)","q5a",2024,0.75,0.884615384615385,0.89887661000869,1
"638","Radiography (therapeutic)","q5a",2025,0.759398496240602,0.886304909560723,0.895076363425943,1
"639","Radiography (therapeutic)","q9a",2023,0.68,0.869047619047619,0.874903002210321,1
"640","Radiography (therapeutic)","q9a",2024,0.75,0.884615384615385,0.89887661000869,1
"641","Radiography (therapeutic)","q9a",2025,0.759398496240602,0.886304909560723,0.895076363425943,1
"642","Radiography (therapeutic)","q9i",2023,0.68,0.869047619047619,0.874903002210321,1
"643","Radiography (therapeutic)","q9i",2024,0.75,0.884615384615385,0.89887661000869,1
"644","Radiography (therapeutic)","q9i",2025,0.759398496240602,0.886304909560723,0.895076363425943,1
"645","Speech & Language Therapy","q11c",2023,0.142857142857143,0.818181818181818,0.799953565299204,1
"646","Speech & Language Therapy","q11c",2024,0.152777777777778,0.82051282051282,0.80213803301735,1
"647","Speech & Language Therapy","q11c",2025,0.333333333333333,0.842105263157895,0.834197807522282,1
"648","Speech & Language Therapy","q21",2023,0.142857142857143,0.818181818181818,0.799953565299204,1
"649","Speech & Language Therapy","q21",2024,0.152777777777778,0.82051282051282,0.80213803301735,1
"650","Speech & Language Therapy","q21",2025,0.333333333333333,0.842105263157895,0.834197807522282,1
"651","Speech & Language Therapy","q24d",2023,0.142857142857143,0.818181818181818,0.799953565299204,1
"652","Speech & Language Therapy","q24d",2024,0.152777777777778,0.82051282051282,0.80213803301735,1
"653","Speech & Language Therapy","q24d",2025,0.333333333333333,0.842105263157895,0.834197807522282,1
"654","Speech & Language Therapy","q25d",2023,0.142857142857143,0.818181818181818,0.799953565299204,1
"655","Speech & Language Therapy","q25d",2024,0.152777777777778,0.82051282051282,0.80213803301735,1
"656","Speech & Language Therapy","q25d",2025,0.333333333333333,0.842105263157895,0.834197807522282,1
"657","Speech & Language Therapy","q25f",2023,0.142857142857143,0.818181818181818,0.799953565299204,1
"658","Speech & Language Therapy","q25f",2024,0.152777777777778,0.82051282051282,0.80213803301735,1
"659","Speech & Language Therapy","q25f",2025,0.333333333333333,0.842105263157895,0.834197807522282,1
"660","Speech & Language Therapy","q26a",2023,0.142857142857143,0.818181818181818,0.799953565299204,1
"661","Speech & Language Therapy","q26a",2024,0.152777777777778,0.82051282051282,0.80213803301735,1
"662","Speech & Language Therapy","q26a",2025,0.333333333333333,0.842105263157895,0.834197807522282,1
"663","Speech & Language Therapy","q26c",2023,0.142857142857143,0.818181818181818,0.799953565299204,1
"664","Speech & Language Therapy","q26c",2024,0.152777777777778,0.82051282051282,0.80213803301735,1
"665","Speech & Language Therapy","q26c",2025,0.333333333333333,0.842105263157895,0.834197807522282,1
"666","Speech & Language Therapy","q2a",2023,0.142857142857143,0.818181818181818,0.799953565299204,1
"667","Speech & Language Therapy","q2a",2024,0.152777777777778,0.82051282051282,0.80213803301735,1
"668","Speech & Language Therapy","q2a",2025,0.333333333333333,0.842105263157895,0.834197807522282,1
"669","Speech & Language Therapy","q3i",2023,0.142857142857143,0.818181818181818,0.799953565299204,1
"670","Speech & Language Therapy","q3i",2024,0.152777777777778,0.82051282051282,0.80213803301735,1
"671","Speech & Language Therapy","q3i",2025,0.333333333333333,0.842105263157895,0.834197807522282,1
"672","Speech & Language Therapy","q4c",2023,0.142857142857143,0.818181818181818,0.799953565299204,1
"673","Speech & Language Therapy","q4c",2024,0.152777777777778,0.82051282051282,0.80213803301735,1
"674","Speech & Language Therapy","q4c",2025,0.333333333333333,0.842105263157895,0.834197807522282,1
"675","Speech & Language Therapy","q4d",2023,0.142857142857143,0.818181818181818,0.799953565299204,1
"676","Speech & Language Therapy","q4d",2024,0.152777777777778,0.82051282051282,0.80213803301735,1
"677","Speech & Language Therapy","q4d",2025,0.333333333333333,0.842105263157895,0.834197807522282,1
"678","Speech & Language Therapy","q5a",2023,0.142857142857143,0.818181818181818,0.799953565299204,1
"679","Speech & Language Therapy","q5a",2024,0.152777777777778,0.82051282051282,0.80213803301735,1
"680","Speech & Language Therapy","q5a",2025,0.333333333333333,0.842105263157895,0.834197807522282,1
"681","Speech & Language Therapy","q9a",2023,0.142857142857143,0.818181818181818,0.799953565299204,1
"682","Speech & Language Therapy","q9a",2024,0.152777777777778,0.82051282051282,0.80213803301735,1
"683","Speech & Language Therapy","q9a",2025,0.333333333333333,0.842105263157895,0.834197807522282,1
"684","Speech & Language Therapy","q9i",2023,0.142857142857143,0.818181818181818,0.799953565299204,1
"685","Speech & Language Therapy","q9i",2024,0.152777777777778,0.82051282051282,0.80213803301735,1
"686","Speech & Language Therapy","q9i",2025,0.333333333333333,0.842105263157895,0.834197807522282,1
