"","Care setting","year","Ethnic_group","min","median","mean","max"
"1","Art / Music / Dramatherapy","March '22 to March '23","Any Other Ethnic Group",1,1,1,1
"2","Art / Music / Dramatherapy","March '22 to March '23","Asian or Asian British",0.5,1,0.909090909090909,1
"3","Art / Music / Dramatherapy","March '22 to March '23","Black or Black British",0.333333333333333,1,0.925925925925926,1
"4","Art / Music / Dramatherapy","March '22 to March '23","Chinese",1,1,1,1
"5","Art / Music / Dramatherapy","March '22 to March '23","Discontinued codes",1,1,1,1
"6","Art / Music / Dramatherapy","March '22 to March '23","Mixed",0.5,1,0.909722222222222,1
"7","Art / Music / Dramatherapy","March '22 to March '23","Not Stated",0.666666666666667,1,0.944444444444444,1
"8","Art / Music / Dramatherapy","March '22 to March '23","Unknown",1,1,1,1
"9","Art / Music / Dramatherapy","March '22 to March '23","White",0.333333333333333,1,0.909923784328546,1
"10","Art / Music / Dramatherapy","March '23 to March '24","Any Other Ethnic Group",1,1,1,1
"11","Art / Music / Dramatherapy","March '23 to March '24","Asian or Asian British",0.5,1,0.964285714285714,1
"12","Art / Music / Dramatherapy","March '23 to March '24","Black or Black British",0.5,1,0.95,1
"13","Art / Music / Dramatherapy","March '23 to March '24","Chinese",1,1,1,1
"14","Art / Music / Dramatherapy","March '23 to March '24","Discontinued codes",1,1,1,1
"15","Art / Music / Dramatherapy","March '23 to March '24","Mixed",0.5,1,0.930555555555556,1
"16","Art / Music / Dramatherapy","March '23 to March '24","Not Stated",0.5,1,0.944444444444444,1
"17","Art / Music / Dramatherapy","March '23 to March '24","Unknown",1,1,1,1
"18","Art / Music / Dramatherapy","March '23 to March '24","White",0.333333333333333,0.912878787878788,0.878686699366909,1
"19","Art / Music / Dramatherapy","March '24 to March '25","Any Other Ethnic Group",0.833333333333333,1,0.983333333333333,1
"20","Art / Music / Dramatherapy","March '24 to March '25","Asian or Asian British",0.333333333333333,1,0.863636363636364,1
"21","Art / Music / Dramatherapy","March '24 to March '25","Black or Black British",0.333333333333333,1,0.939393939393939,1
"22","Art / Music / Dramatherapy","March '24 to March '25","Chinese",1,1,1,1
"23","Art / Music / Dramatherapy","March '24 to March '25","Mixed",0.75,1,0.95,1
"24","Art / Music / Dramatherapy","March '24 to March '25","Not Stated",0.666666666666667,1,0.962962962962963,1
"25","Art / Music / Dramatherapy","March '24 to March '25","Unknown",1,1,1,1
"26","Art / Music / Dramatherapy","March '24 to March '25","White",0.5,0.904545454545455,0.878714759715153,1
"27","Chiropody / Podiatry","March '22 to March '23","Any Other Ethnic Group",1,1,1,1
"28","Chiropody / Podiatry","March '22 to March '23","Asian or Asian British",0.333333333333333,1,0.880197095673286,1
"29","Chiropody / Podiatry","March '22 to March '23","Black or Black British",0.333333333333333,1,0.92710233029382,1
"30","Chiropody / Podiatry","March '22 to March '23","Chinese",0.5,1,0.964285714285714,1
"31","Chiropody / Podiatry","March '22 to March '23","Mixed",0.5,1,0.944444444444444,1
"32","Chiropody / Podiatry","March '22 to March '23","Not Stated",0.5,1,0.878205128205128,1
"33","Chiropody / Podiatry","March '22 to March '23","Unknown",0.5,1,0.95,1
"34","Chiropody / Podiatry","March '22 to March '23","White",0.5,0.891741071428571,0.883811888629978,1
"35","Chiropody / Podiatry","March '23 to March '24","Any Other Ethnic Group",0.5,1,0.954545454545455,1
"36","Chiropody / Podiatry","March '23 to March '24","Asian or Asian British",0.25,1,0.903702640642939,1
"37","Chiropody / Podiatry","March '23 to March '24","Black or Black British",0.4,1,0.893038273001508,1
"38","Chiropody / Podiatry","March '23 to March '24","Chinese",0.5,1,0.923076923076923,1
"39","Chiropody / Podiatry","March '23 to March '24","Mixed",0.5,1,0.913333333333333,1
"40","Chiropody / Podiatry","March '23 to March '24","Not Stated",0.333333333333333,1,0.924390243902439,1
"41","Chiropody / Podiatry","March '23 to March '24","Unknown",1,1,1,1
"42","Chiropody / Podiatry","March '23 to March '24","White",0.5,0.909090909090909,0.901593647714774,1
"43","Chiropody / Podiatry","March '24 to March '25","Any Other Ethnic Group",0.5,1,0.926666666666667,1
"44","Chiropody / Podiatry","March '24 to March '25","Asian or Asian British",0.333333333333333,1,0.88934622591339,1
"45","Chiropody / Podiatry","March '24 to March '25","Black or Black British",0.4,1,0.933792714377821,1
"46","Chiropody / Podiatry","March '24 to March '25","Chinese",1,1,1,1
"47","Chiropody / Podiatry","March '24 to March '25","Mixed",0.5,1,0.949561403508772,1
"48","Chiropody / Podiatry","March '24 to March '25","Not Stated",0.5,1,0.905681818181818,1
"49","Chiropody / Podiatry","March '24 to March '25","Unknown",0.333333333333333,1,0.888888888888889,1
"50","Chiropody / Podiatry","March '24 to March '25","White",0.2,0.925070028011205,0.894410146302976,1
"51","Dietetics","March '22 to March '23","Any Other Ethnic Group",0.333333333333333,1,0.927489177489177,1
"52","Dietetics","March '22 to March '23","Asian or Asian British",0.25,1,0.90090342584972,1
"53","Dietetics","March '22 to March '23","Black or Black British",0.333333333333333,1,0.879824561403509,1
"54","Dietetics","March '22 to March '23","Chinese",0.333333333333333,1,0.932539682539683,1
"55","Dietetics","March '22 to March '23","Mixed",0.5,1,0.919005847953216,1
"56","Dietetics","March '22 to March '23","Not Stated",0.5,1,0.94609375,1
"57","Dietetics","March '22 to March '23","Unknown",0.333333333333333,1,0.888888888888889,1
"58","Dietetics","March '22 to March '23","White",0.25,0.827754237288136,0.809052771865663,1
"59","Dietetics","March '23 to March '24","Any Other Ethnic Group",0.25,1,0.934343434343434,1
"60","Dietetics","March '23 to March '24","Asian or Asian British",0.5,1,0.893280847692612,1
"61","Dietetics","March '23 to March '24","Black or Black British",0.333333333333333,1,0.887388768638769,1
"62","Dietetics","March '23 to March '24","Chinese",0.5,1,0.94,1
"63","Dietetics","March '23 to March '24","Mixed",0.333333333333333,1,0.89672131147541,1
"64","Dietetics","March '23 to March '24","Not Stated",0.333333333333333,1,0.934054834054834,1
"65","Dietetics","March '23 to March '24","Unknown",0.25,0.833333333333333,0.756410256410256,1
"66","Dietetics","March '23 to March '24","White",0.2,0.830678755207057,0.8047709489314,1
"67","Dietetics","March '24 to March '25","Any Other Ethnic Group",0.5,1,0.947916666666667,1
"68","Dietetics","March '24 to March '25","Asian or Asian British",0.333333333333333,1,0.894929321458756,1
"69","Dietetics","March '24 to March '25","Black or Black British",0.333333333333333,1,0.864085121227978,1
"70","Dietetics","March '24 to March '25","Chinese",0.5,1,0.91437908496732,1
"71","Dietetics","March '24 to March '25","Mixed",0.333333333333333,1,0.922912087912088,1
"72","Dietetics","March '24 to March '25","Not Stated",0.333333333333333,1,0.953638497652582,1
"73","Dietetics","March '24 to March '25","Unknown",0.5,1,0.886363636363636,1
"74","Dietetics","March '24 to March '25","White",0.5,0.85239651416122,0.836783417786259,1
"75","Education","March '22 to March '23","Asian or Asian British",1,1,1,1
"76","Education","March '22 to March '23","Mixed",1,1,1,1
"77","Education","March '22 to March '23","Not Stated",1,1,1,1
"78","Education","March '22 to March '23","Unknown",1,1,1,1
"79","Education","March '22 to March '23","White",0.5,1,0.950606942215088,1
"80","Education","March '23 to March '24","Asian or Asian British",1,1,1,1
"81","Education","March '23 to March '24","Mixed",1,1,1,1
"82","Education","March '23 to March '24","Not Stated",0.8,0.9,0.9,1
"83","Education","March '23 to March '24","White",0.930232558139535,1,0.993429610018757,1
"84","Education","March '24 to March '25","Any Other Ethnic Group",Inf,NA,NA,-Inf
"85","Education","March '24 to March '25","Asian or Asian British",1,1,1,1
"86","Education","March '24 to March '25","Black or Black British",Inf,NA,NA,-Inf
"87","Education","March '24 to March '25","Mixed",0.666666666666667,1,0.888888888888889,1
"88","Education","March '24 to March '25","Not Stated",1,1,1,1
"89","Education","March '24 to March '25","Unknown",Inf,NA,NA,-Inf
"90","Education","March '24 to March '25","White",0.5,1,0.959897849774731,1
"91","Hazardous Area Response Team","March '22 to March '23","Any Other Ethnic Group",Inf,NA,NA,-Inf
"92","Hazardous Area Response Team","March '22 to March '23","Asian or Asian British",1,1,1,1
"93","Hazardous Area Response Team","March '22 to March '23","Black or Black British",1,1,1,1
"94","Hazardous Area Response Team","March '22 to March '23","Mixed",0.5,1,0.9,1
"95","Hazardous Area Response Team","March '22 to March '23","Not Stated",0.75,1,0.9,1
"96","Hazardous Area Response Team","March '22 to March '23","Unknown",Inf,NA,NA,-Inf
"97","Hazardous Area Response Team","March '22 to March '23","White",0.824175824175824,0.959183673469388,0.939337484928248,0.986842105263158
"98","Hazardous Area Response Team","March '23 to March '24","Any Other Ethnic Group",1,1,1,1
"99","Hazardous Area Response Team","March '23 to March '24","Asian or Asian British",1,1,1,1
"100","Hazardous Area Response Team","March '23 to March '24","Black or Black British",1,1,1,1
"101","Hazardous Area Response Team","March '23 to March '24","Mixed",1,1,1,1
"102","Hazardous Area Response Team","March '23 to March '24","Not Stated",0.75,1,0.95,1
"103","Hazardous Area Response Team","March '23 to March '24","Unknown",1,1,1,1
"104","Hazardous Area Response Team","March '23 to March '24","White",0.905882352941176,0.930232558139535,0.936352010674856,0.980769230769231
"105","Hazardous Area Response Team","March '24 to March '25","Any Other Ethnic Group",1,1,1,1
"106","Hazardous Area Response Team","March '24 to March '25","Asian or Asian British",1,1,1,1
"107","Hazardous Area Response Team","March '24 to March '25","Black or Black British",1,1,1,1
"108","Hazardous Area Response Team","March '24 to March '25","Chinese",Inf,NA,NA,-Inf
"109","Hazardous Area Response Team","March '24 to March '25","Mixed",1,1,1,1
"110","Hazardous Area Response Team","March '24 to March '25","Not Stated",0.666666666666667,0.857142857142857,0.871428571428571,1
"111","Hazardous Area Response Team","March '24 to March '25","Unknown",1,1,1,1
"112","Hazardous Area Response Team","March '24 to March '25","White",0.923076923076923,0.96215092097445,0.967021711378756,1
"113","Occupational Therapy","March '22 to March '23","Any Other Ethnic Group",0.5,1,0.907642089093702,1
"114","Occupational Therapy","March '22 to March '23","Asian or Asian British",0.333333333333333,0.875,0.825141687781233,1
"115","Occupational Therapy","March '22 to March '23","Black or Black British",0.333333333333333,0.861904761904762,0.818107104742149,1
"116","Occupational Therapy","March '22 to March '23","Chinese",0.5,1,0.934027777777778,1
"117","Occupational Therapy","March '22 to March '23","Discontinued codes",1,1,1,1
"118","Occupational Therapy","March '22 to March '23","Mixed",0.25,1,0.849016216024413,1
"119","Occupational Therapy","March '22 to March '23","Not Stated",0.333333333333333,1,0.844964700129989,1
"120","Occupational Therapy","March '22 to March '23","Unknown",0.636363636363636,1,0.955648180648181,1
"121","Occupational Therapy","March '22 to March '23","White",0.25,0.818181818181818,0.801469203295518,1
"122","Occupational Therapy","March '23 to March '24","Any Other Ethnic Group",0.428571428571429,1,0.933379715522573,1
"123","Occupational Therapy","March '23 to March '24","Asian or Asian British",0.333333333333333,0.873397435897436,0.823973219204853,1
"124","Occupational Therapy","March '23 to March '24","Black or Black British",0.333333333333333,1,0.837578889673686,1
"125","Occupational Therapy","March '23 to March '24","Chinese",0.333333333333333,1,0.831833333333333,1
"126","Occupational Therapy","March '23 to March '24","Mixed",0.333333333333333,1,0.864512471655329,1
"127","Occupational Therapy","March '23 to March '24","Not Stated",0.2,1,0.865741861716438,1
"128","Occupational Therapy","March '23 to March '24","Unknown",0.5,1,0.912698412698413,1
"129","Occupational Therapy","March '23 to March '24","White",0.428571428571429,0.85239651416122,0.829795416468495,1
"130","Occupational Therapy","March '24 to March '25","Any Other Ethnic Group",0.5,1,0.912083333333333,1
"131","Occupational Therapy","March '24 to March '25","Asian or Asian British",0.25,0.878676470588235,0.83977050554866,1
"132","Occupational Therapy","March '24 to March '25","Black or Black British",0.461538461538462,0.9,0.840555877476924,1
"133","Occupational Therapy","March '24 to March '25","Chinese",0.333333333333333,1,0.890629351155667,1
"134","Occupational Therapy","March '24 to March '25","Mixed",0.25,1,0.856124510873052,1
"135","Occupational Therapy","March '24 to March '25","Not Stated",0.333333333333333,1,0.887757414369256,1
"136","Occupational Therapy","March '24 to March '25","Unknown",0.333333333333333,1,0.846397243107769,1
"137","Occupational Therapy","March '24 to March '25","White",0.666666666666667,0.850101214574899,0.842673308366825,1
"138","Operating Theatres","March '22 to March '23","Any Other Ethnic Group",0.333333333333333,1,0.903337682104805,1
"139","Operating Theatres","March '22 to March '23","Asian or Asian British",0.2,0.898989898989899,0.836733663811216,1
"140","Operating Theatres","March '22 to March '23","Black or Black British",0.333333333333333,1,0.874354280453559,1
"141","Operating Theatres","March '22 to March '23","Chinese",0.5,1,0.936274509803922,1
"142","Operating Theatres","March '22 to March '23","Discontinued codes",1,1,1,1
"143","Operating Theatres","March '22 to March '23","Mixed",0.5,1,0.9457805907173,1
"144","Operating Theatres","March '22 to March '23","Not Stated",0.5,1,0.918714731333628,1
"145","Operating Theatres","March '22 to March '23","Unknown",0.5,1,0.89484126984127,1
"146","Operating Theatres","March '22 to March '23","White",0.5,0.889655172413793,0.88831315760001,1
"147","Operating Theatres","March '23 to March '24","Any Other Ethnic Group",0.5,1,0.938601334253508,1
"148","Operating Theatres","March '23 to March '24","Asian or Asian British",0.333333333333333,1,0.890548629532299,1
"149","Operating Theatres","March '23 to March '24","Black or Black British",0.333333333333333,1,0.884628829402474,1
"150","Operating Theatres","March '23 to March '24","Chinese",1,1,1,1
"151","Operating Theatres","March '23 to March '24","Mixed",0.5,1,0.917776705276705,1
"152","Operating Theatres","March '23 to March '24","Not Stated",0.5,1,0.946877376293507,1
"153","Operating Theatres","March '23 to March '24","Unknown",0.5,1,0.934210526315789,1
"154","Operating Theatres","March '23 to March '24","White",0.333333333333333,0.918604651162791,0.907329801381807,1
"155","Operating Theatres","March '24 to March '25","Any Other Ethnic Group",0.5,1,0.962037788600289,1
"156","Operating Theatres","March '24 to March '25","Asian or Asian British",0.333333333333333,1,0.893328478581768,1
"157","Operating Theatres","March '24 to March '25","Black or Black British",0.5,1,0.919315864952657,1
"158","Operating Theatres","March '24 to March '25","Chinese",1,1,1,1
"159","Operating Theatres","March '24 to March '25","Mixed",0.5,1,0.946804511278196,1
"160","Operating Theatres","March '24 to March '25","Not Stated",0.5,1,0.93287185397575,1
"161","Operating Theatres","March '24 to March '25","Unknown",0.5,1,0.938633829938178,1
"162","Operating Theatres","March '24 to March '25","White",0.5,0.925649530127142,0.910578790971625,1
"163","Orthoptics","March '24 to March '25","Any Other Ethnic Group",Inf,NA,NA,-Inf
"164","Orthoptics","March '24 to March '25","Asian or Asian British",Inf,NA,NA,-Inf
"165","Orthoptics","March '24 to March '25","Black or Black British",Inf,NA,NA,-Inf
"166","Orthoptics","March '24 to March '25","Chinese",Inf,NA,NA,-Inf
"167","Orthoptics","March '24 to March '25","Mixed",Inf,NA,NA,-Inf
"168","Orthoptics","March '24 to March '25","Not Stated",Inf,NA,NA,-Inf
"169","Orthoptics","March '24 to March '25","Unknown",Inf,NA,NA,-Inf
"170","Orthoptics","March '24 to March '25","White",Inf,NA,NA,-Inf
"171","Orthoptics / Optics","March '22 to March '23","Any Other Ethnic Group",1,1,1,1
"172","Orthoptics / Optics","March '22 to March '23","Asian or Asian British",0.333333333333333,0.857142857142857,0.810368943467126,1
"173","Orthoptics / Optics","March '22 to March '23","Black or Black British",0.5,1,0.955026455026455,1
"174","Orthoptics / Optics","March '22 to March '23","Chinese",0.5,1,0.975,1
"175","Orthoptics / Optics","March '22 to March '23","Mixed",1,1,1,1
"176","Orthoptics / Optics","March '22 to March '23","Not Stated",0.333333333333333,1,0.912380952380952,1
"177","Orthoptics / Optics","March '22 to March '23","Unknown",0.5,1,0.845833333333333,1
"178","Orthoptics / Optics","March '22 to March '23","White",0.333333333333333,0.89039039039039,0.871724340696497,1
"179","Orthoptics / Optics","March '23 to March '24","Any Other Ethnic Group",1,1,1,1
"180","Orthoptics / Optics","March '23 to March '24","Asian or Asian British",0.166666666666667,0.847926267281106,0.803818127396108,1
"181","Orthoptics / Optics","March '23 to March '24","Black or Black British",0.5,1,0.882086167800454,1
"182","Orthoptics / Optics","March '23 to March '24","Chinese",1,1,1,1
"183","Orthoptics / Optics","March '23 to March '24","Mixed",0.5,1,0.979166666666667,1
"184","Orthoptics / Optics","March '23 to March '24","Not Stated",0.5,1,0.954954954954955,1
"185","Orthoptics / Optics","March '23 to March '24","Unknown",0.5,1,0.916666666666667,1
"186","Orthoptics / Optics","March '23 to March '24","White",0.333333333333333,0.894736842105263,0.870203758456715,1
"187","Orthoptics / Optics","March '24 to March '25","Any Other Ethnic Group",0.5,1,0.958333333333333,1
"188","Orthoptics / Optics","March '24 to March '25","Asian or Asian British",0.166666666666667,0.937254901960784,0.850806068524961,1
"189","Orthoptics / Optics","March '24 to March '25","Black or Black British",0.5,1,0.901282051282051,1
"190","Orthoptics / Optics","March '24 to March '25","Chinese",0.5,1,0.978260869565217,1
"191","Orthoptics / Optics","March '24 to March '25","Mixed",1,1,1,1
"192","Orthoptics / Optics","March '24 to March '25","Not Stated",0.5,1,0.937280701754386,1
"193","Orthoptics / Optics","March '24 to March '25","Unknown",0.5,1,0.95,1
"194","Orthoptics / Optics","March '24 to March '25","White",0.25,0.883484162895928,0.861462519880575,1
"195","Osteopathy","March '22 to March '23","Any Other Ethnic Group",1,1,1,1
"196","Osteopathy","March '22 to March '23","Asian or Asian British",Inf,NA,NA,-Inf
"197","Osteopathy","March '22 to March '23","White",1,1,1,1
"198","Osteopathy","March '23 to March '24","Any Other Ethnic Group",1,1,1,1
"199","Osteopathy","March '23 to March '24","Asian or Asian British",1,1,1,1
"200","Osteopathy","March '23 to March '24","White",0.75,1,0.950892857142857,1
"201","Osteopathy","March '24 to March '25","Any Other Ethnic Group",1,1,1,1
"202","Osteopathy","March '24 to March '25","Asian or Asian British",1,1,1,1
"203","Osteopathy","March '24 to March '25","Not Stated",Inf,NA,NA,-Inf
"204","Osteopathy","March '24 to March '25","White",0.333333333333333,0.95,0.804166666666667,1
"205","Patient Transport Service","March '22 to March '23","Not Stated",1,1,1,1
"206","Patient Transport Service","March '22 to March '23","Unknown",Inf,NA,NA,-Inf
"207","Patient Transport Service","March '22 to March '23","White",0.888888888888889,0.944444444444444,0.944444444444444,1
"208","Patient Transport Service","March '23 to March '24","Mixed",Inf,NA,NA,-Inf
"209","Patient Transport Service","March '23 to March '24","Not Stated",1,1,1,1
"210","Patient Transport Service","March '23 to March '24","White",0.4,0.616666666666667,0.616666666666667,0.833333333333333
"211","Patient Transport Service","March '24 to March '25","Mixed",1,1,1,1
"212","Patient Transport Service","March '24 to March '25","Not Stated",1,1,1,1
"213","Patient Transport Service","March '24 to March '25","White",0.5,0.921052631578947,0.835526315789474,1
"214","Physiotherapy","March '22 to March '23","Any Other Ethnic Group",0.333333333333333,1,0.875210660395846,1
"215","Physiotherapy","March '22 to March '23","Asian or Asian British",0.25,0.857142857142857,0.824980765546907,1
"216","Physiotherapy","March '22 to March '23","Black or Black British",0.2,0.866666666666667,0.806946702744483,1
"217","Physiotherapy","March '22 to March '23","Chinese",0.25,1,0.846666666666667,1
"218","Physiotherapy","March '22 to March '23","Mixed",0.2,1,0.858000069678902,1
"219","Physiotherapy","March '22 to March '23","Not Stated",0.4,1,0.909154149345965,1
"220","Physiotherapy","March '22 to March '23","Unknown",0.333333333333333,1,0.903370424125141,1
"221","Physiotherapy","March '22 to March '23","White",0.5,0.8178500331785,0.811027537522482,1
"222","Physiotherapy","March '23 to March '24","Any Other Ethnic Group",0.25,1,0.897239475500345,1
"223","Physiotherapy","March '23 to March '24","Asian or Asian British",0.4,0.853658536585366,0.831787561965646,1
"224","Physiotherapy","March '23 to March '24","Black or Black British",0.0833333333333334,0.866666666666667,0.829516530621928,1
"225","Physiotherapy","March '23 to March '24","Chinese",0.333333333333333,1,0.852333333333333,1
"226","Physiotherapy","March '23 to March '24","Mixed",0.333333333333333,1,0.87214433517625,1
"227","Physiotherapy","March '23 to March '24","Not Stated",0.333333333333333,1,0.886892443599761,1
"228","Physiotherapy","March '23 to March '24","Unknown",0.25,1,0.906279617818079,1
"229","Physiotherapy","March '23 to March '24","White",0.0181818181818182,0.853459555145078,0.83942652274995,1
"230","Physiotherapy","March '24 to March '25","Any Other Ethnic Group",0.333333333333333,1,0.931516032986621,1
"231","Physiotherapy","March '24 to March '25","Asian or Asian British",0.25,0.875,0.841005763333137,1
"232","Physiotherapy","March '24 to March '25","Black or Black British",0.25,0.857142857142857,0.819906984037911,1
"233","Physiotherapy","March '24 to March '25","Chinese",0.333333333333333,1,0.859408808246018,1
"234","Physiotherapy","March '24 to March '25","Mixed",0.333333333333333,1,0.848444137050014,1
"235","Physiotherapy","March '24 to March '25","Not Stated",0.5,1,0.916982442844512,1
"236","Physiotherapy","March '24 to March '25","Unknown",0.5,1,0.896324855699856,1
"237","Physiotherapy","March '24 to March '25","White",0.0444444444444444,0.86078811369509,0.852643765149655,1
"238","Prosthetics and Orthotics","March '22 to March '23","Any Other Ethnic Group",1,1,1,1
"239","Prosthetics and Orthotics","March '22 to March '23","Asian or Asian British",1,1,1,1
"240","Prosthetics and Orthotics","March '22 to March '23","Black or Black British",1,1,1,1
"241","Prosthetics and Orthotics","March '22 to March '23","Mixed",1,1,1,1
"242","Prosthetics and Orthotics","March '22 to March '23","Not Stated",1,1,1,1
"243","Prosthetics and Orthotics","March '22 to March '23","White",0.428571428571429,1,0.886989795918367,1
"244","Prosthetics and Orthotics","March '23 to March '24","Any Other Ethnic Group",1,1,1,1
"245","Prosthetics and Orthotics","March '23 to March '24","Asian or Asian British",1,1,1,1
"246","Prosthetics and Orthotics","March '23 to March '24","Black or Black British",1,1,1,1
"247","Prosthetics and Orthotics","March '23 to March '24","Chinese",Inf,NA,NA,-Inf
"248","Prosthetics and Orthotics","March '23 to March '24","Mixed",1,1,1,1
"249","Prosthetics and Orthotics","March '23 to March '24","Not Stated",0.5,1,0.9,1
"250","Prosthetics and Orthotics","March '23 to March '24","Unknown",Inf,NA,NA,-Inf
"251","Prosthetics and Orthotics","March '23 to March '24","White",0.5,1,0.902542069459363,1
"252","Prosthetics and Orthotics","March '24 to March '25","Any Other Ethnic Group",1,1,1,1
"253","Prosthetics and Orthotics","March '24 to March '25","Asian or Asian British",1,1,1,1
"254","Prosthetics and Orthotics","March '24 to March '25","Black or Black British",1,1,1,1
"255","Prosthetics and Orthotics","March '24 to March '25","Chinese",1,1,1,1
"256","Prosthetics and Orthotics","March '24 to March '25","Mixed",1,1,1,1
"257","Prosthetics and Orthotics","March '24 to March '25","Not Stated",1,1,1,1
"258","Prosthetics and Orthotics","March '24 to March '25","Unknown",1,1,1,1
"259","Prosthetics and Orthotics","March '24 to March '25","White",0.666666666666667,1,0.946710526315789,1
"260","Radiography (diagnostic)","March '22 to March '23","Any Other Ethnic Group",0.333333333333333,1,0.893399998694116,1
"261","Radiography (diagnostic)","March '22 to March '23","Asian or Asian British",0.5,0.851851851851852,0.843089555027771,1
"262","Radiography (diagnostic)","March '22 to March '23","Black or Black British",0.25,0.833333333333333,0.837720460953007,1
"263","Radiography (diagnostic)","March '22 to March '23","Chinese",0.333333333333333,1,0.954365079365079,1
"264","Radiography (diagnostic)","March '22 to March '23","Mixed",0.333333333333333,1,0.874087301587302,1
"265","Radiography (diagnostic)","March '22 to March '23","Not Stated",0.333333333333333,1,0.860832582823626,1
"266","Radiography (diagnostic)","March '22 to March '23","Unknown",0.333333333333333,1,0.878064373897707,1
"267","Radiography (diagnostic)","March '22 to March '23","White",0.666666666666667,0.875644329896907,0.871739730955514,1
"268","Radiography (diagnostic)","March '23 to March '24","Any Other Ethnic Group",0.5,1,0.91263119457498,1
"269","Radiography (diagnostic)","March '23 to March '24","Asian or Asian British",0.4,0.88562091503268,0.862370629636682,1
"270","Radiography (diagnostic)","March '23 to March '24","Black or Black British",0.25,0.865151515151515,0.835337452133356,1
"271","Radiography (diagnostic)","March '23 to March '24","Chinese",0.333333333333333,1,0.951162790697674,1
"272","Radiography (diagnostic)","March '23 to March '24","Mixed",0.333333333333333,1,0.904999656428228,1
"273","Radiography (diagnostic)","March '23 to March '24","Not Stated",0.25,1,0.882244232235545,1
"274","Radiography (diagnostic)","March '23 to March '24","Unknown",0.5,1,0.952161156860405,1
"275","Radiography (diagnostic)","March '23 to March '24","White",0.75,0.901234567901235,0.896169567194305,1
"276","Radiography (diagnostic)","March '24 to March '25","Any Other Ethnic Group",0.5,1,0.922067840695292,1
"277","Radiography (diagnostic)","March '24 to March '25","Asian or Asian British",0.333333333333333,0.909090909090909,0.881739829133968,1
"278","Radiography (diagnostic)","March '24 to March '25","Black or Black British",0.333333333333333,0.875,0.854612139196319,1
"279","Radiography (diagnostic)","March '24 to March '25","Chinese",0.5,1,0.976747720364742,1
"280","Radiography (diagnostic)","March '24 to March '25","Mixed",0.333333333333333,1,0.895804006060416,1
"281","Radiography (diagnostic)","March '24 to March '25","Not Stated",0.333333333333333,1,0.92866476296088,1
"282","Radiography (diagnostic)","March '24 to March '25","Unknown",0.5,1,0.90078320802005,1
"283","Radiography (diagnostic)","March '24 to March '25","White",0.25,0.903225806451613,0.888512055890189,1
"284","Radiography (therapeutic)","March '22 to March '23","Any Other Ethnic Group",0.333333333333333,1,0.949074074074074,1
"285","Radiography (therapeutic)","March '22 to March '23","Asian or Asian British",0.333333333333333,0.870879120879121,0.823421209759513,1
"286","Radiography (therapeutic)","March '22 to March '23","Black or Black British",0.333333333333333,0.822916666666667,0.812742557150452,1
"287","Radiography (therapeutic)","March '22 to March '23","Chinese",0.666666666666667,1,0.980392156862745,1
"288","Radiography (therapeutic)","March '22 to March '23","Mixed",0.5,0.9,0.821794871794872,1
"289","Radiography (therapeutic)","March '22 to March '23","Not Stated",0.5,1,0.916666666666667,1
"290","Radiography (therapeutic)","March '22 to March '23","Unknown",0.75,1,0.975,1
"291","Radiography (therapeutic)","March '22 to March '23","White",0.666666666666667,0.898979591836735,0.896022608017463,1
"292","Radiography (therapeutic)","March '23 to March '24","Any Other Ethnic Group",0.333333333333333,1,0.899122807017544,1
"293","Radiography (therapeutic)","March '23 to March '24","Asian or Asian British",0.5,0.857142857142857,0.859352984726626,1
"294","Radiography (therapeutic)","March '23 to March '24","Black or Black British",0.5,0.854166666666667,0.862294774369078,1
"295","Radiography (therapeutic)","March '23 to March '24","Chinese",0.5,1,0.903508771929825,1
"296","Radiography (therapeutic)","March '23 to March '24","Mixed",0.333333333333333,1,0.887400793650794,1
"297","Radiography (therapeutic)","March '23 to March '24","Not Stated",0.5,1,0.897916666666667,1
"298","Radiography (therapeutic)","March '23 to March '24","Unknown",0.5,1,0.851851851851852,1
"299","Radiography (therapeutic)","March '23 to March '24","White",0.787878787878788,0.905405405405405,0.913669971753249,1
"300","Radiography (therapeutic)","March '24 to March '25","Any Other Ethnic Group",0.6,1,0.936363636363636,1
"301","Radiography (therapeutic)","March '24 to March '25","Asian or Asian British",0.333333333333333,0.875,0.845779232893026,1
"302","Radiography (therapeutic)","March '24 to March '25","Black or Black British",0.333333333333333,0.941176470588235,0.841722285067873,1
"303","Radiography (therapeutic)","March '24 to March '25","Chinese",0.5,1,0.973684210526316,1
"304","Radiography (therapeutic)","March '24 to March '25","Mixed",0.333333333333333,1,0.874074074074074,1
"305","Radiography (therapeutic)","March '24 to March '25","Not Stated",0.5,1,0.888392857142857,1
"306","Radiography (therapeutic)","March '24 to March '25","Unknown",0.428571428571429,1,0.866071428571429,1
"307","Radiography (therapeutic)","March '24 to March '25","White",0.76,0.903125,0.90487728083812,1
"308","Speech & Language Therapy","March '22 to March '23","Any Other Ethnic Group",0.5,1,0.956666666666667,1
"309","Speech & Language Therapy","March '22 to March '23","Asian or Asian British",0.25,1,0.836251162186991,1
"310","Speech & Language Therapy","March '22 to March '23","Black or Black British",0.5,1,0.896626984126984,1
"311","Speech & Language Therapy","March '22 to March '23","Chinese",0.5,1,0.942222222222222,1
"312","Speech & Language Therapy","March '22 to March '23","Mixed",0.5,1,0.877678571428571,1
"313","Speech & Language Therapy","March '22 to March '23","Not Stated",0.5,1,0.910682110682111,1
"314","Speech & Language Therapy","March '22 to March '23","Unknown",0.75,1,0.97792766934558,1
"315","Speech & Language Therapy","March '22 to March '23","White",0.4,0.818181818181818,0.805313434121169,1
"316","Speech & Language Therapy","March '23 to March '24","Any Other Ethnic Group",0.333333333333333,1,0.912903225806452,1
"317","Speech & Language Therapy","March '23 to March '24","Asian or Asian British",0.333333333333333,1,0.851873629632482,1
"318","Speech & Language Therapy","March '23 to March '24","Black or Black British",0.2,1,0.870995670995671,1
"319","Speech & Language Therapy","March '23 to March '24","Chinese",0.333333333333333,1,0.974747474747475,1
"320","Speech & Language Therapy","March '23 to March '24","Mixed",0.25,1,0.91908315565032,1
"321","Speech & Language Therapy","March '23 to March '24","Not Stated",0.333333333333333,1,0.917675264550265,1
"322","Speech & Language Therapy","March '23 to March '24","Unknown",0.25,1,0.905091859360152,1
"323","Speech & Language Therapy","March '23 to March '24","White",0.12280701754386,0.833333333333333,0.808228376592248,1
"324","Speech & Language Therapy","March '24 to March '25","Any Other Ethnic Group",0.5,1,0.932118055555556,1
"325","Speech & Language Therapy","March '24 to March '25","Asian or Asian British",0.333333333333333,1,0.900195449750226,1
"326","Speech & Language Therapy","March '24 to March '25","Black or Black British",0.5,1,0.931186868686869,1
"327","Speech & Language Therapy","March '24 to March '25","Chinese",0.5,1,0.925490196078431,1
"328","Speech & Language Therapy","March '24 to March '25","Mixed",0.5,1,0.896301587301587,1
"329","Speech & Language Therapy","March '24 to March '25","Not Stated",0.5,1,0.929585537918871,1
"330","Speech & Language Therapy","March '24 to March '25","Unknown",0.333333333333333,1,0.812280701754386,1
"331","Speech & Language Therapy","March '24 to March '25","White",0.5,0.83744918699187,0.833875490183414,1
