"","Year","term","reg_estimate","reg_p_value","spearman_estimate","spearman_p_value"
"1",2023,"ps_q18_mean",-0.00310164637152721,0.877139079870596,-0.00183770518685221,0.985393247767512
"2",2023,"ps_q21_mean",0.0531582441020373,0.000348725582398005,0.359359008430826,0.00022806601150391
"3",2023,"ps_q23_mean",-0.00237567891102734,0.823887986625927,0.0381394507240558,0.70307035406191
"4",2023,"ps_q30_mean",0.0258245177223879,0.0464394747952144,0.229034611056765,0.020776104724722
"5",2023,"ps_q48_mean",0.0240572999019523,0.0747101492014387,0.213450871072259,0.0314150707809311
"6",2024,"ps_q18_mean",-0.00528338577837289,0.77368503606358,-0.018280925751056,0.855082036543733
"7",2024,"ps_q21_mean",0.0456372894510473,0.00470407406655083,0.243227349576762,0.0139486130852465
"8",2024,"ps_q23_mean",-0.0243411767814987,0.0158982440483786,-0.176945564345127,0.0752737522273468
"9",2024,"ps_q30_mean",0.00811008910370086,0.586599728141603,0.0509638056895353,0.610416520632895
"10",2024,"ps_q48_mean",0.00346740389626035,0.798282925209054,0.0404125506782546,0.686275795221136
