"","year","Care setting","Stability index","n"
"1","March '22 to March '23","All care settings",0,1
"2","March '22 to March '23","Art / Music / Dramatherapy",1,13
"3","March '22 to March '23","Art / Music / Dramatherapy",0,1
"4","March '22 to March '23","Chiropody / Podiatry",1,22
"5","March '22 to March '23","Chiropody / Podiatry",0,3
"6","March '22 to March '23","Dietetics",0,1
"7","March '22 to March '23","Dietetics",1,3
"8","March '22 to March '23","Education",1,14
"9","March '22 to March '23","Education",0,2
"10","March '22 to March '23","Hazardous Area Response Team",0,1
"11","March '22 to March '23","Occupational Therapy",0,1
"12","March '22 to March '23","Operating Department Practitioners",0,1
"13","March '22 to March '23","Operating Department Practitioners",1,2
"14","March '22 to March '23","Orthoptics / Optics",1,16
"15","March '22 to March '23","Orthoptics / Optics",0,2
"16","March '22 to March '23","Osteopathy",0,1
"17","March '22 to March '23","Osteopathy",1,1
"18","March '22 to March '23","Patient Transport Service",1,2
"19","March '22 to March '23","Physiotherapy",0,1
"20","March '22 to March '23","Prosthetics and Orthotics",1,15
"21","March '22 to March '23","Prosthetics and Orthotics",0,2
"22","March '22 to March '23","Radiography (diagnostic)",0,1
"23","March '22 to March '23","Radiography (therapeutic)",1,6
"24","March '22 to March '23","Radiography (therapeutic)",0,3
"25","March '22 to March '23","Speech & Language Therapy",0,1
"26","March '22 to March '23","Speech & Language Therapy",1,4
"27","March '23 to March '24","All care settings",0,2
"28","March '23 to March '24","Art / Music / Dramatherapy",1,10
"29","March '23 to March '24","Art / Music / Dramatherapy",0,1
"30","March '23 to March '24","Chiropody / Podiatry",1,25
"31","March '23 to March '24","Chiropody / Podiatry",0,1
"32","March '23 to March '24","Dietetics",0,2
"33","March '23 to March '24","Dietetics",1,3
"34","March '23 to March '24","Education",1,16
"35","March '23 to March '24","Education",0,3
"36","March '23 to March '24","Occupational Therapy",0,2
"37","March '23 to March '24","Operating Department Practitioners",1,2
"38","March '23 to March '24","Operating Department Practitioners",0,2
"39","March '23 to March '24","Orthoptics / Optics",1,21
"40","March '23 to March '24","Orthoptics / Optics",0,2
"41","March '23 to March '24","Osteopathy",1,3
"42","March '23 to March '24","Patient Transport Service",1,1
"43","March '23 to March '24","Physiotherapy",0,2
"44","March '23 to March '24","Prosthetics and Orthotics",1,17
"45","March '23 to March '24","Prosthetics and Orthotics",0,2
"46","March '23 to March '24","Radiography (diagnostic)",0,2
"47","March '23 to March '24","Radiography (therapeutic)",1,12
"48","March '23 to March '24","Speech & Language Therapy",0,2
"49","March '23 to March '24","Speech & Language Therapy",1,5
"50","March '24 to March '25","All care settings",0,1
"51","March '24 to March '25","Art / Music / Dramatherapy",1,9
"52","March '24 to March '25","Art / Music / Dramatherapy",0,1
"53","March '24 to March '25","Chiropody / Podiatry",1,27
"54","March '24 to March '25","Chiropody / Podiatry",0,3
"55","March '24 to March '25","Dietetics",0,1
"56","March '24 to March '25","Dietetics",1,4
"57","March '24 to March '25","Education",1,20
"58","March '24 to March '25","Education",0,2
"59","March '24 to March '25","Occupational Therapy",0,2
"60","March '24 to March '25","Operating Department Practitioners",0,1
"61","March '24 to March '25","Operating Department Practitioners",1,4
"62","March '24 to March '25","Orthoptics / Optics",1,16
"63","March '24 to March '25","Orthoptics / Optics",0,1
"64","March '24 to March '25","Osteopathy",0,2
"65","March '24 to March '25","Osteopathy",1,1
"66","March '24 to March '25","Patient Transport Service",1,2
"67","March '24 to March '25","Physiotherapy",0,1
"68","March '24 to March '25","Prosthetics and Orthotics",1,19
"69","March '24 to March '25","Prosthetics and Orthotics",0,1
"70","March '24 to March '25","Radiography (diagnostic)",0,1
"71","March '24 to March '25","Radiography (therapeutic)",1,9
"72","March '24 to March '25","Radiography (therapeutic)",0,2
"73","March '24 to March '25","Speech & Language Therapy",0,2
"74","March '24 to March '25","Speech & Language Therapy",1,8
