"","year","Care setting","median_SI"
"1","March '22 to March '23","Occupational Therapy",0.812785388127854
"2","March '22 to March '23","Operating Theatres",0.881770529994176
"3","March '22 to March '23","Physiotherapy",0.812789115646259
"4","March '22 to March '23","Radiography (diagnostic)",0.862068965517241
"5","March '22 to March '23","Speech & Language Therapy",0.818181818181818
"6","March '23 to March '24","Occupational Therapy",0.843223314606742
"7","March '23 to March '24","Operating Theatres",0.901515151515151
"8","March '23 to March '24","Physiotherapy",0.84879924162629
"9","March '23 to March '24","Radiography (diagnostic)",0.886554621848739
"10","March '23 to March '24","Speech & Language Therapy",0.82051282051282
"11","March '24 to March '25","Occupational Therapy",0.849462365591398
"12","March '24 to March '25","Operating Theatres",0.92156862745098
"13","March '24 to March '25","Physiotherapy",0.855719666931007
"14","March '24 to March '25","Radiography (diagnostic)",0.896729470316388
"15","March '24 to March '25","Speech & Language Therapy",0.842105263157895
