"","Period","n_roles","n_sites"
"1","202203 to 202303",13,1
"2","202203 to 202303",12,1
"3","202203 to 202303",11,6
"4","202203 to 202303",10,21
"5","202203 to 202303",9,40
"6","202203 to 202303",8,47
"7","202203 to 202303",7,30
"8","202203 to 202303",6,29
"9","202203 to 202303",5,21
"10","202203 to 202303",4,3
"11","202203 to 202303",3,4
"12","202203 to 202303",2,7
"13","202203 to 202303",1,2
"14","202303 to 202403",14,1
"15","202303 to 202403",12,1
"16","202303 to 202403",11,5
"17","202303 to 202403",10,23
"18","202303 to 202403",9,39
"19","202303 to 202403",8,46
"20","202303 to 202403",7,34
"21","202303 to 202403",6,28
"22","202303 to 202403",5,19
"23","202303 to 202403",4,4
"24","202303 to 202403",3,2
"25","202303 to 202403",2,8
"26","202303 to 202403",1,1
"27","202403 to 202503",15,1
"28","202403 to 202503",12,9
"29","202403 to 202503",11,25
"30","202403 to 202503",10,38
"31","202403 to 202503",9,37
"32","202403 to 202503",8,17
"33","202403 to 202503",7,24
"34","202403 to 202503",6,28
"35","202403 to 202503",5,18
"36","202403 to 202503",4,3
"37","202403 to 202503",3,3
"38","202403 to 202503",2,6
"39","202403 to 202503",1,1
