"","Organisation name","Stability index"
"1","barking, havering and redbridge university hospitals nhs trust",0.861367837338262
"2","barts health nhs trust",0.806020066889632
"3","chelsea and westminster hospital nhs foundation trust",0.82051282051282
"4","croydon health services nhs trust",0.835526315789474
"5","epsom and st helier university hospitals nhs trust",0.836974789915966
"6","guy's and st thomas' nhs foundation trust",0.827487061529615
"7","hillingdon hospitals nhs foundation trust",0.832618025751073
"8","homerton healthcare nhs foundation trust",0.821428571428571
"9","imperial college healthcare nhs trust",0.811868686868687
"10","king's college hospital nhs foundation trust",0.788304093567251
"11","kingston and richmond nhs foundation trust",0.863636363636364
"12","lewisham and greenwich nhs trust",0.819607843137255
"13","london north west university healthcare nhs trust",0.820466786355476
"14","royal free london nhs foundation trust",0.830892143808256
"15","st george's university hospitals nhs foundation trust",0.805161290322581
"16","university college london hospitals nhs foundation trust",0.806752037252619
"17","whittington health nhs trust",0.842443729903537
"18","dorset county hospital nhs foundation trust",0.824701195219123
"19","gloucestershire hospitals nhs foundation trust",0.849420849420849
"20","great western hospitals nhs foundation trust",0.850129198966408
"21","north bristol nhs trust",0.858044164037855
"22","royal cornwall hospitals nhs trust",0.891783567134269
"23","royal devon university healthcare nhs foundation trust",0.890770533446232
"24","royal united hospitals bath nhs foundation trust",0.832271762208068
"25","salisbury nhs foundation trust",0.834507042253521
"26","somerset nhs foundation trust",0.872242647058824
"27","torbay and south devon nhs foundation trust",0.860215053763441
"28","university hospitals bristol and weston nhs foundation trust",0.854934601664685
"29","university hospitals dorset nhs foundation trust",0.846347607052897
"30","university hospitals plymouth nhs trust",0.882521489971347
"31","ashford and st. peter's hospitals nhs foundation trust",0.796791443850267
"32","buckinghamshire healthcare nhs trust",0.873770491803279
"33","dartford and gravesham nhs trust",0.861818181818182
"34","east kent hospitals university nhs foundation trust",0.890501319261214
"35","east sussex healthcare nhs trust",0.890718562874252
"36","frimley health nhs foundation trust",0.828828828828829
"37","hampshire hospitals nhs foundation trust",0.879310344827586
"38","isle of wight nhs trust",0.507552870090634
"39","maidstone and tunbridge wells nhs trust",0.882960413080895
"40","medway nhs foundation trust",0.833333333333333
"41","oxford university hospitals nhs foundation trust",0.84780578898226
"42","portsmouth hospitals university nhs trust",0.846011131725417
"43","royal berkshire nhs foundation trust",0.847727272727273
"44","royal surrey county hospital nhs foundation trust",0.820618556701031
"45","surrey and sussex healthcare nhs trust",0.831460674157303
"46","university hospital southampton nhs foundation trust",0.85551763367463
"47","university hospitals sussex nhs foundation trust",0.821591948764867
"48","chesterfield royal hospital nhs foundation trust",0.874015748031496
"49","dudley group nhs foundation trust",0.872137404580153
"50","george eliot hospital nhs trust",0.875
"51","kettering general hospital nhs foundation trust",0.897849462365591
"52","northampton general hospital nhs trust",0.883647798742138
"53","nottingham university hospitals nhs trust",0.881849315068493
"54","royal wolverhampton nhs trust",0.870535714285714
"55","sandwell and west birmingham hospitals nhs trust",0.856661045531197
"56","sherwood forest hospitals nhs foundation trust",0.865079365079365
"57","shrewsbury and telford hospital nhs trust",0.863930885529158
"58","south warwickshire university nhs foundation trust",0.854037267080745
"59","united lincolnshire teaching hospitals nhs trust",0.878892733564014
"60","university hospitals birmingham nhs foundation trust",0.875354107648725
"61","university hospitals coventry and warwickshire nhs trust",0.889035667107001
"62","university hospitals of derby and burton nhs foundation trust",0.889523809523809
"63","university hospitals of leicester nhs trust",0.881308411214953
"64","university hospitals of north midlands nhs trust",0.900403768506057
"65","walsall healthcare nhs trust",0.837078651685393
"66","worcestershire acute hospitals nhs trust",0.891566265060241
"67","wye valley nhs trust",0.868098159509202
"68","bedfordshire hospitals nhs foundation trust",0.870609981515712
"69","cambridge university hospitals nhs foundation trust",0.852374839537869
"70","east and north hertfordshire nhs trust",0.856756756756757
"71","east suffolk and north essex nhs foundation trust",0.869475847893114
"72","james paget university hospitals nhs foundation trust",0.888
"73","mid and south essex nhs foundation trust",0.852222222222222
"74","milton keynes university hospital nhs foundation trust",0.858267716535433
"75","norfolk and norwich university hospitals nhs foundation trust",0.89261744966443
"76","north west anglia nhs foundation trust",0.895615866388309
"77","princess alexandra hospital nhs trust",0.877777777777778
"78","queen elizabeth hospital king's lynn nhs foundation trust",0.874439461883408
"79","west hertfordshire teaching hospitals nhs trust",0.847750865051903
"80","west suffolk nhs foundation trust",0.871698113207547
"81","blackpool teaching hospitals nhs foundation trust",0.898387096774194
"82","bolton nhs foundation trust",0.842960288808664
"83","countess of chester hospital nhs foundation trust",0.880239520958084
"84","east cheshire nhs trust",0.856603773584906
"85","east lancashire hospitals nhs trust",0.893644617380026
"86","lancashire teaching hospitals nhs foundation trust",0.902158273381295
"87","liverpool university hospitals nhs foundation trust",0.842497670083877
"88","manchester university nhs foundation trust",0.880039331366765
"89","mersey and west lancashire teaching hospitals nhs trust",0.88029197080292
"90","mid cheshire hospitals nhs foundation trust",0.878326996197719
"91","northern care alliance nhs foundation trust",0.853254437869822
"92","stockport nhs foundation trust",0.865877712031558
"93","tameside and glossop integrated care nhs foundation trust",0.86551724137931
"94","university hospitals of morecambe bay nhs foundation trust",0.900641025641026
"95","warrington and halton teaching hospitals nhs foundation trust",0.881578947368421
"96","wirral university teaching hospital nhs foundation trust",0.89587852494577
"97","wrightington, wigan and leigh nhs foundation trust",0.896496815286624
"98","airedale nhs foundation trust",0.877966101694915
"99","barnsley hospital nhs foundation trust",0.868613138686131
"100","bradford teaching hospitals nhs foundation trust",0.876494023904382
"101","calderdale and huddersfield nhs foundation trust",0.874576271186441
"102","county durham and darlington nhs foundation trust",0.884902840059791
"103","doncaster and bassetlaw teaching hospitals nhs foundation trust",0.924731182795699
"104","gateshead health nhs foundation trust",0.87037037037037
"105","harrogate and district nhs foundation trust",0.859605911330049
"106","hull university teaching hospitals nhs trust",0.914718019257222
"107","leeds teaching hospitals nhs trust",0.877591973244147
"108","mid yorkshire teaching nhs trust",0.903713892709766
"109","newcastle upon tyne hospitals nhs foundation trust",0.89018302828619
"110","north cumbria integrated care nhs foundation trust",0.888168557536467
"111","north tees and hartlepool nhs foundation trust",0.874015748031496
"112","northern lincolnshire and goole nhs foundation trust",0.890269151138716
"113","northumbria healthcare nhs foundation trust",0.896782841823056
"114","rotherham nhs foundation trust",0.874725274725275
"115","sheffield teaching hospitals nhs foundation trust",0.895019157088123
"116","south tees hospitals nhs foundation trust",0.913000977517107
"117","south tyneside and sunderland nhs foundation trust",0.889716840536513
"118","york and scarborough teaching hospitals nhs foundation trust",0.880758807588076
