"","Care setting","Period","Org code","Organisation name","Stability index"
"1","Art / Music / Dramatherapy","202403 to 202503","RX4","cumbria, northumberland, tyne and wear nhs foundation trust",0.928571428571429
"2","Art / Music / Dramatherapy","202403 to 202503","TAH","sheffield health and social care nhs foundation trust",0.909090909090909
"3","Chiropody / Podiatry","202303 to 202403","RTF","northumbria healthcare nhs foundation trust",0.96551724137931
"4","Chiropody / Podiatry","202403 to 202503","RTD","newcastle upon tyne hospitals nhs foundation trust",0.96551724137931
"5","Chiropody / Podiatry","202403 to 202503","RTF","northumbria healthcare nhs foundation trust",0.96875
"6","Dietetics","202403 to 202503","RHQ","sheffield teaching hospitals nhs foundation trust",0.972972972972973
"7","Dietetics","202403 to 202503","RTD","newcastle upon tyne hospitals nhs foundation trust",0.970588235294118
"8","Hazardous Area Response Team","202303 to 202403","RX6","north east ambulance service nhs foundation trust",0.980769230769231
"9","Hazardous Area Response Team","202403 to 202503","RX6","north east ambulance service nhs foundation trust",0.981818181818182
"10","Occupational Therapy","202303 to 202403","RXP","county durham and darlington nhs foundation trust",0.966666666666667
"11","Occupational Therapy","202403 to 202503","RCU","sheffield children's nhs foundation trust",0.96551724137931
"12","Operating Theatres","202303 to 202403","RTR","south tees hospitals nhs foundation trust",0.967741935483871
"13","Operating Theatres","202403 to 202503","RWA","hull university teaching hospitals nhs trust",0.974358974358974
"14","Orthoptics / Optics","202403 to 202503","R0B","south tyneside and sunderland nhs foundation trust",0.96
"15","Orthoptics / Optics","202403 to 202503","RCB","york and scarborough teaching hospitals nhs foundation trust",0.971428571428571
"16","Patient Transport Service","202403 to 202503","RX8","yorkshire ambulance service nhs trust",0.85
"17","Patient Transport Service","202403 to 202503","RX8","yorkshire ambulance service nhs trust",0.85
"18","Physiotherapy","202203 to 202303","RTD","newcastle upon tyne hospitals nhs foundation trust",0.975609756097561
"19","Physiotherapy","202403 to 202503","RWA","hull university teaching hospitals nhs trust",0.983870967741935
"20","Prosthetics and Orthotics","202203 to 202303","RAE","bradford teaching hospitals nhs foundation trust",0.5
"21","Radiography (diagnostic)","202203 to 202303","RWA","hull university teaching hospitals nhs trust",0.985074626865672
"22","Radiography (diagnostic)","202403 to 202503","RTR","south tees hospitals nhs foundation trust",0.985074626865672
"23","Radiography (therapeutic)","202403 to 202503","RTR","south tees hospitals nhs foundation trust",0.957446808510638
"24","Radiography (therapeutic)","202403 to 202503","RWA","hull university teaching hospitals nhs trust",0.946428571428571
"25","Speech & Language Therapy","202303 to 202403","RV9","humber teaching nhs foundation trust",0.96551724137931
"26","Speech & Language Therapy","202403 to 202503","RTF","northumbria healthcare nhs foundation trust",0.962962962962963
